-- phpMyAdmin SQL Dump
-- version 5.1.1
-- https://www.phpmyadmin.net/
--
-- Host: 127.0.0.1
-- Generation Time: Sep 16, 2022 at 10:35 AM
-- Server version: 10.4.22-MariaDB
-- PHP Version: 7.4.27

SET SQL_MODE = "NO_AUTO_VALUE_ON_ZERO";
START TRANSACTION;
SET time_zone = "+00:00";


/*!40101 SET @OLD_CHARACTER_SET_CLIENT=@@CHARACTER_SET_CLIENT */;
/*!40101 SET @OLD_CHARACTER_SET_RESULTS=@@CHARACTER_SET_RESULTS */;
/*!40101 SET @OLD_COLLATION_CONNECTION=@@COLLATION_CONNECTION */;
/*!40101 SET NAMES utf8mb4 */;

--
-- Database: `kenya_counties_db`
--

-- --------------------------------------------------------

--
-- Table structure for table `constituencies`
--

CREATE TABLE `constituencies` (
  `constituency_id` int(11) NOT NULL,
  `constituency_county_id` int(11) NOT NULL,
  `constituency_name` varchar(100) NOT NULL,
  `constituency_code` varchar(10) NOT NULL,
  `constituency_total_wards` int(11) NOT NULL
) ENGINE=InnoDB DEFAULT CHARSET=utf8mb4;

--
-- Dumping data for table `constituencies`
--

INSERT INTO `constituencies` (`constituency_id`, `constituency_county_id`, `constituency_name`, `constituency_code`, `constituency_total_wards`) VALUES
(1, 1, 'CHANGAMWE', '001', 5),
(2, 1, 'JOMVU', '002', 3),
(3, 1, 'KISAUNI', '003', 7),
(4, 1, 'NYALI', '004', 5),
(5, 1, 'LIKONI', '005', 5),
(6, 1, 'MVITA', '006', 5),
(7, 2, 'MSAMBWENI', '007', 4),
(8, 2, 'LUNGALUNGA', '008', 4),
(9, 2, 'MATUGA', '009', 5),
(10, 2, 'KINANGO', '010', 7),
(11, 3, 'KILIFI NORTH', '011', 7),
(12, 3, 'KILIFI SOUTH', '012', 5),
(13, 3, 'KALOLENI', '013', 4),
(14, 3, 'RABAI', '014', 4),
(15, 3, 'GANZE', '015', 4),
(16, 3, 'MALINDI', '016', 5),
(17, 3, 'MAGARINI', '017', 6),
(18, 4, 'GARSEN', '018', 6),
(19, 4, 'GALOLE', '019', 4),
(20, 4, 'BURA', '020', 5),
(21, 5, 'LAMU EAST', '021', 3),
(22, 5, 'LAMU WEST', '022', 7),
(23, 6, 'TAVETA', '023', 5),
(24, 6, 'WUNDANYI', '024', 4),
(25, 6, 'MWATATE', '025', 5),
(26, 6, 'VOI', '026', 6),
(27, 7, 'GARISSA TOWNSHIP', '027', 4),
(28, 7, 'BALAMBALA', '028', 5),
(29, 7, 'LAGDELA', '029', 6),
(30, 7, 'DADAAB', '030', 6),
(31, 7, 'FAFI', '031', 5),
(32, 7, 'IJARA', '032', 4),
(33, 8, 'WAJIR NORTH', '033', 7),
(34, 8, 'WAJIR EAST', '034', 4),
(35, 8, 'TARBAJ', '035', 4),
(36, 8, 'WAJIR WEST', '036', 4),
(37, 8, 'ELDAS', '037', 4),
(38, 8, 'WAJIR SOUTH', '038', 7),
(39, 9, 'MANDERA WEST', '039', 5),
(40, 9, 'BANISSA', '040', 5),
(41, 9, 'MANDERA NORTH', '041', 5),
(42, 9, 'MANDERA SOUTH', '042', 5),
(43, 9, 'MANDERA EAST', '043', 5),
(44, 9, 'LAFEY', '044', 5),
(45, 10, 'MOYALE', '045', 7),
(46, 10, 'NORTH HORR', '046', 5),
(47, 10, 'SAKU', '047', 3),
(48, 10, 'LAISAMIS', '048', 5),
(49, 11, 'ISIOLO NORTH', '049', 7),
(50, 11, 'ISIOLO SOUTH', '050', 3),
(51, 12, 'IGEMBE SOUTH', '051', 5),
(52, 12, 'IGEMBE CENTRAL', '052', 5),
(53, 12, 'IGEMBE NORTH', '053', 5),
(54, 12, 'TIGANIA WEST', '054', 5),
(55, 12, 'TIGANIA EAST', '055', 5),
(56, 12, 'NORTH IMENTI', '056', 5),
(57, 12, 'BUURI', '057', 5),
(58, 12, 'CENTRAL IMENTI', '058', 4),
(59, 12, 'SOUTH IMENTI', '059', 6),
(60, 13, 'MAARA', '060', 5),
(61, 13, 'CHUKA-IGAMBANG\'OMBE', '061', 5),
(62, 13, 'THARAKA', '062', 5),
(63, 14, 'MANYATTA', '063', 6),
(64, 14, 'RUNYENJES', '064', 6),
(65, 14, 'MBEERE SOUTH', '065', 5),
(66, 14, 'MBEERE NORTH', '066', 3),
(67, 15, 'MWINGI NORTH', '067', 5),
(68, 15, 'MWINGI WEST', '068', 4),
(69, 15, 'MWINGI CENTRAL', '069', 6),
(70, 15, 'KITUI WEST', '070', 4),
(71, 15, 'KITUI RURAL', '071', 4),
(72, 15, 'KITUI CENTRAL', '072', 5),
(73, 15, 'KITUI EAST', '073', 6),
(74, 15, 'KITUI SOUTH', '074', 6),
(75, 16, 'MASINGA', '075', 5),
(76, 16, 'YATTA', '076', 5),
(77, 16, 'KANGUNDO', '077', 4),
(78, 16, 'MATUNGULU', '078', 5),
(79, 16, 'KATHIANI', '079', 4),
(80, 16, 'MAVOKO', '080', 4),
(81, 16, 'MACHAKOS TOWN', '081', 7),
(82, 16, 'MWALA', '082', 6),
(83, 17, 'MBOONI', '083', 6),
(84, 17, 'KILOME', '084', 3),
(85, 17, 'KAITI', '085', 4),
(86, 17, 'MAKUENI', '086', 7),
(87, 17, 'KIBWEZI WEST', '087', 6),
(88, 17, 'KIBWEZI EAST', '088', 4),
(89, 18, 'KINANGOP', '089', 8),
(90, 18, 'KIPIPIRI', '090', 4),
(91, 18, 'OL KALOU', '091', 5),
(92, 18, 'OL JOROK', '092', 4),
(93, 18, 'NDARAGWA', '093', 4),
(94, 19, 'TETU', '094', 3),
(95, 19, 'KIENI', '095', 8),
(96, 19, 'MATHIRA', '096', 6),
(97, 19, 'OTHAYA', '097', 4),
(98, 19, 'MUKURWEINI', '098', 4),
(99, 19, 'NYERI TOWN', '099', 5),
(100, 20, 'MWEA', '100', 8),
(101, 20, 'GICHUGU', '101', 5),
(102, 20, 'NDIA', '102', 3),
(103, 20, 'KIRINYAGA CENTRAL', '103', 4),
(104, 21, 'KANGEMA', '104', 3),
(105, 21, 'MATHIOYA', '105', 3),
(106, 21, 'KIHARU', '106', 6),
(107, 21, 'KIGUMO', '107', 5),
(108, 21, 'MARAGWA', '108', 6),
(109, 21, 'KANDARA', '109', 6),
(110, 21, 'GATHANGA', '110', 6),
(111, 22, 'GATUNDU SOUTH', '111', 4),
(112, 22, 'GATUNDU NORTH', '112', 4),
(113, 22, 'JUJA', '113', 5),
(114, 22, 'THIKA TOWN', '114', 5),
(115, 22, 'RUIRU', '115', 8),
(116, 22, 'GITHUNGURI', '116', 5),
(117, 22, 'KIAMBU', '117', 4),
(118, 22, 'KIAMBAA', '118', 5),
(119, 22, 'KABETE', '119', 5),
(120, 22, 'KIKUYU', '120', 5),
(121, 22, 'LIMURU', '121', 5),
(122, 22, 'LARI', '122', 5),
(123, 23, 'TURKANA NORTH', '123', 6),
(124, 23, 'TURKANA WEST', '124', 7),
(125, 23, 'TURKANA CENTRAL', '125', 5),
(126, 23, 'LOIMA', '126', 4),
(127, 23, 'TURKANA SOUTH', '127', 5),
(128, 23, 'TURKANA EAST', '128', 3),
(129, 24, 'KAPENGURIA', '129', 6),
(130, 24, 'SIGOR', '130', 4),
(131, 24, 'KACHELIBA', '131', 6),
(132, 24, 'POKOT SOUTH', '132', 4),
(133, 25, 'SAMBURU WEST', '133', 5),
(134, 25, 'SAMBURU NORTH', '134', 6),
(135, 25, 'SAMBURU EAST', '135', 4),
(136, 26, 'KWANZA', '136', 4),
(137, 26, 'ENDEBESS', '137', 3),
(138, 26, 'SABOTI', '138', 5),
(139, 26, 'KIMININI', '139', 6),
(140, 26, 'CHERANGANY', '140', 7),
(141, 27, 'SOY', '141', 7),
(142, 27, 'TURBO', '142', 6),
(143, 27, 'MOIBEN', '143', 5),
(144, 27, 'AINABKOI', '144', 3),
(145, 27, 'KAPSERET', '145', 5),
(146, 27, 'KESSES', '146', 4),
(147, 28, 'MARAKWET EAST', '147', 4),
(148, 28, 'MARAKWET WEST', '148', 6),
(149, 28, 'KEIYO NORTH', '149', 4),
(150, 28, 'KEIYO SOUTH', '150', 6),
(151, 29, 'TINDERET', '151', 4),
(152, 29, 'ALDAI', '152', 6),
(153, 29, 'NANDI HILLS', '153', 4),
(154, 29, 'CHESUMEI', '154', 5),
(155, 29, 'EMGWEN', '155', 4),
(156, 29, 'MOSOP', '156', 7),
(157, 30, 'TIATY', '157', 7),
(158, 30, 'BARINGO NORTH', '158', 5),
(159, 30, 'BARINGO CENTRAL', '159', 5),
(160, 30, 'BARINGO SOUTH', '160', 4),
(161, 30, 'MOGOTIO', '161', 3),
(162, 30, 'ELDAMA RAVINE', '162', 6),
(163, 31, 'LAIKIPIA WEST', '163', 6),
(164, 31, 'LAIKIPIA EAST', '164', 5),
(165, 31, 'LAIKIPIA NORTH', '165', 4),
(166, 32, 'MOLO', '166', 4),
(167, 32, 'NJORO', '167', 6),
(168, 32, 'NAIVASHA', '168', 8),
(169, 32, 'GILGIL', '169', 5),
(170, 32, 'KURESOI SOUTH', '170', 4),
(171, 32, 'KURESOI NORTH', '171', 4),
(172, 32, 'SUBUKIA', '172', 3),
(173, 32, 'RONGAI', '173', 5),
(174, 32, 'BAHATI', '174', 5),
(175, 32, 'NAKURU TOWN WEST', '175', 6),
(176, 32, 'NAKURU TOWN EAST', '176', 5),
(177, 33, 'KILGORIS', '177', 6),
(178, 33, 'EMURUA DIKIRR', '178', 4),
(179, 33, 'NAROK NORTH', '179', 6),
(180, 33, 'NAROK EAST', '180', 4),
(181, 33, 'NAROK SOUTH', '181', 6),
(182, 33, 'NAROK WEST', '182', 4),
(183, 34, 'KAJIADO NORTH', '183', 5),
(184, 34, 'KAJIADO CENTRAL', '184', 5),
(185, 34, 'KAJIADO EAST', '185', 5),
(186, 34, 'KAJIADO WEST', '186', 5),
(187, 34, 'KAJIADO SOUTH', '187', 5),
(188, 35, 'KIPKELION EAST', '188', 4),
(189, 35, 'KIPKELION WEST', '189', 4),
(190, 35, 'AINAMOI', '190', 6),
(191, 35, 'BURETI', '191', 7),
(192, 35, 'BELGUT', '192', 5),
(193, 35, 'SIGOWET-SOIN', '193', 4),
(194, 36, 'SOTIK', '194', 5),
(195, 36, 'CHEPALUNGU', '195', 5),
(196, 36, 'BOMET EAST', '196', 5),
(197, 36, 'BOMET CENTRAL', '197', 5),
(198, 36, 'KONOIN', '198', 5),
(199, 37, 'LUGARI', '199', 6),
(200, 37, 'LIKUYANI', '200', 5),
(201, 37, 'MALAVA', '201', 7),
(202, 37, 'LURAMBI', '202', 6),
(203, 37, 'NAVAKHOLO', '203', 5),
(204, 37, 'MUMIAS WEST', '204', 4),
(205, 37, 'MUMIAS EAST', '205', 3),
(206, 37, 'MATUNGU', '206', 5),
(207, 37, 'BUTERE', '207', 5),
(208, 37, 'KHWISERO', '208', 4),
(209, 37, 'SHINYALU', '209', 6),
(210, 37, 'IKOLOMANI', '210', 4),
(211, 38, 'VIHIGA', '211', 4),
(212, 38, 'SABATIA', '212', 6),
(213, 38, 'HAMISI', '213', 7),
(214, 38, 'LUANDA', '214', 5),
(215, 38, 'EMUHAYA', '215', 3),
(216, 39, 'MT. ELGON', '216', 6),
(217, 39, 'SIRISIA', '217', 3),
(218, 39, 'KABUCHAI', '218', 4),
(219, 39, 'BUMULA', '219', 7),
(220, 39, 'KANDUYI', '220', 8),
(221, 39, 'WEBUYE EAST', '221', 3),
(222, 39, 'WEBUYE WEST', '222', 4),
(223, 39, 'KIMILILI', '223', 4),
(224, 39, 'TONGAREN', '224', 6),
(225, 40, 'TESO NORTH', '225', 6),
(226, 40, 'TESO SOUTH', '226', 6),
(227, 40, 'NAMBALE', '227', 4),
(228, 40, 'MATAYOS', '228', 5),
(229, 40, 'BUTULA', '229', 6),
(230, 40, 'FUNYULA', '230', 4),
(231, 40, 'BUDALANGI', '231', 4),
(232, 41, 'UGENYA', '232', 4),
(233, 41, 'UGUNJA', '233', 3),
(234, 41, 'ALEGO USONGA', '234', 6),
(235, 41, 'GEM', '235', 6),
(236, 41, 'BONDO', '236', 6),
(237, 41, 'RARIEDA', '237', 5),
(238, 42, 'KISUMU EAST', '238', 5),
(239, 42, 'KISUMU WEST', '239', 5),
(240, 42, 'KISUMU CENTRAL', '240', 6),
(241, 42, 'SEME', '241', 4),
(242, 42, 'NYANDO', '242', 5),
(243, 42, 'MUHORONI', '243', 5),
(244, 42, 'NYAKACH', '244', 5),
(245, 43, 'KASIPUL', '245', 5),
(246, 43, 'KABONDO KASIPUL', '246', 4),
(247, 43, 'KARACHUONYO', '247', 7),
(248, 43, 'RANGWE', '248', 4),
(249, 43, 'HOMA BAY TOWN', '249', 4),
(250, 43, 'NDHIWA', '250', 7),
(251, 43, 'SUBA NORTH', '251', 5),
(252, 43, 'SUBA SOUTH', '252', 4),
(253, 44, 'RONGO', '253', 4),
(254, 44, 'AWENDO', '254', 4),
(255, 44, 'SUNA EAST', '255', 4),
(256, 44, 'SUNA WEST', '256', 4),
(257, 44, 'URIRI', '257', 5),
(258, 44, 'NYATIKE', '258', 7),
(259, 44, 'KURIA WEST', '259', 7),
(260, 44, 'KURIA EAST', '260', 5),
(261, 45, 'BONCHARI', '261', 4),
(262, 45, 'SOUTH MUGIRANGO', '262', 6),
(263, 45, 'BOMACHOGE BORABU', '263', 4),
(264, 45, 'BOBASI', '264', 8),
(265, 45, 'BOMACHOGE CHACHE', '265', 3),
(266, 45, 'NYARIBARI MASABA', '266', 5),
(267, 45, 'NYARIBARI CHACHE', '267', 6),
(268, 45, 'KITUTU CHACHE NORTH', '268', 4),
(269, 45, 'KITUTU CHACHE SOUTH', '269', 5),
(270, 46, 'KITUTU MASABA', '270', 6),
(271, 46, 'WEST MUGIRANGO', '271', 5),
(272, 46, 'NORTH MUGIRANGO', '272', 5),
(273, 46, 'BORABU', '273', 4),
(274, 47, 'WESTLANDS', '274', 5),
(275, 47, 'DAGORETTI NORTH', '275', 5),
(276, 47, 'DAGORETTI SOUTH', '276', 5),
(277, 47, 'LANGATA', '277', 5),
(278, 47, 'KIBRA', '278', 5),
(279, 47, 'ROYSAMBU', '279', 5),
(280, 47, 'KASARANI', '280', 5),
(281, 47, 'RUARAKA', '281', 5),
(282, 47, 'EMBAKASI SOUTH', '282', 5),
(283, 47, 'EMBAKASI NORTH', '283', 5),
(284, 47, 'EMBAKASI CENTRAL', '284', 5),
(285, 47, 'EMBAKASI EAST', '285', 5),
(286, 47, 'EMBAKASI WEST', '286', 4),
(287, 47, 'MAKADARA', '287', 4),
(288, 47, 'KAMUKUNJI', '288', 5),
(289, 47, 'STAREHE', '289', 6),
(290, 47, 'MATHARE', '290', 6),
(291, 48, 'DIASPORA', '291', 5),
(292, 49, 'PRISONS', '292', 1);

-- --------------------------------------------------------

--
-- Table structure for table `counties`
--

CREATE TABLE `counties` (
  `county_id` int(11) NOT NULL,
  `county_name` varchar(100) NOT NULL,
  `county_code` varchar(10) NOT NULL,
  `county_total_constituencies` int(11) NOT NULL,
  `county_total_wards` int(11) NOT NULL
) ENGINE=InnoDB DEFAULT CHARSET=utf8mb4;

--
-- Dumping data for table `counties`
--

INSERT INTO `counties` (`county_id`, `county_name`, `county_code`, `county_total_constituencies`, `county_total_wards`) VALUES
(1, 'MOMBASA', '001', 6, 30),
(2, 'KWALE', '002', 4, 20),
(3, 'KILIFI', '003', 6, 35),
(4, 'TANA RIVER', '004', 3, 15),
(5, 'LAMU', '005', 2, 10),
(6, 'TAITA TAVETA', '006', 4, 20),
(7, 'GARISSA', '007', 6, 30),
(8, 'WAJIR', '008', 6, 30),
(9, 'MANDERA', '009', 6, 30),
(10, 'MARSABIT', '010', 4, 20),
(11, 'ISIOLO', '011', 2, 10),
(12, 'MERU', '012', 9, 45),
(13, 'THARAKA-NITHI', '013', 3, 15),
(14, 'EMBU', '014', 4, 20),
(15, 'KITUI', '015', 8, 40),
(16, 'MACHAKOS', '016', 8, 40),
(17, 'MAKUENI', '017', 6, 30),
(18, 'NYANDARUA', '018', 5, 25),
(19, 'NYERI', '019', 6, 30),
(20, 'KIRINYAGA', '020', 4, 20),
(21, 'MURANG\'A', '021', 7, 35),
(22, 'KIAMBU', '022', 12, 60),
(23, 'TURKANA', '023', 6, 30),
(24, 'WEST POKOT', '024', 4, 20),
(25, 'SAMBURU', '025', 3, 15),
(26, 'TRANS NZOIA', '026', 5, 25),
(27, 'UASIN GISHU', '027', 6, 30),
(28, 'ELGEYO MARAKWET', '028', 4, 20),
(29, 'NANDI', '029', 6, 30),
(30, 'BARINGO', '030', 6, 30),
(31, 'LAIKIPIA', '031', 3, 15),
(32, 'NAKURU', '032', 11, 55),
(33, 'NAROK', '033', 6, 30),
(34, 'KAJIADO', '034', 5, 25),
(35, 'KERICHO', '035', 6, 30),
(36, 'BOMET', '036', 5, 25),
(37, 'KAKAMEGA', '037', 12, 60),
(38, 'VIHIGA', '038', 5, 25),
(39, 'BUNGOMA', '039', 9, 45),
(40, 'BUSIA', '040', 7, 35),
(41, 'SIAYA', '041', 6, 30),
(42, 'KISUMU', '042', 7, 35),
(43, 'HOMABAY', '043', 8, 40),
(44, 'MIGORI', '044', 8, 40),
(45, 'KISII', '045', 9, 45),
(46, 'NYAMIRA', '046', 4, 20),
(47, 'NAIROBI', '047', 17, 85),
(48, 'DIASPORA', '048', 1, 5),
(49, 'PRISONS', '049', 1, 1);

-- --------------------------------------------------------

--
-- Table structure for table `hibernate_sequence`
--

CREATE TABLE `hibernate_sequence` (
  `next_val` bigint(20) DEFAULT NULL
) ENGINE=InnoDB DEFAULT CHARSET=utf8mb4;

--
-- Dumping data for table `hibernate_sequence`
--

INSERT INTO `hibernate_sequence` (`next_val`) VALUES
(4);

-- --------------------------------------------------------

--
-- Table structure for table `users`
--

CREATE TABLE `users` (
  `user_id` bigint(20) NOT NULL,
  `username` varchar(255) NOT NULL,
  `password` varchar(255) NOT NULL,
  `active` bit(1) NOT NULL,
  `roles` varchar(100) NOT NULL
) ENGINE=InnoDB DEFAULT CHARSET=utf8mb4;

--
-- Dumping data for table `users`
--

INSERT INTO `users` (`user_id`, `username`, `password`, `active`, `roles`) VALUES
(1, 'johnson', '$2a$12$huq7Vy/TN/pwqgIyRaakIuskm4hY84WE4DIjH..bplLyaHK72p2hi', b'1', 'ROLE_ADMIN'),
(2, 'steve', '$2a$10$wuMkumehVc5Vt4jR.f/cOeSS8f35jd.betiLacg1fgnceh2G1Pn7a', b'1', 'ROLE_USER');

-- --------------------------------------------------------

--
-- Table structure for table `wards`
--

CREATE TABLE `wards` (
  `ward_id` int(11) NOT NULL,
  `ward_name` varchar(100) NOT NULL,
  `ward_code` varchar(10) NOT NULL,
  `ward_county_id` int(11) NOT NULL,
  `ward_constituency_id` int(11) DEFAULT NULL
) ENGINE=InnoDB DEFAULT CHARSET=utf8mb4;

--
-- Dumping data for table `wards`
--

INSERT INTO `wards` (`ward_id`, `ward_name`, `ward_code`, `ward_county_id`, `ward_constituency_id`) VALUES
(1, 'PORT REITZ', '0001', 1, 1),
(2, 'KIPEVU', '0002', 1, 1),
(3, 'AIRPORT', '0003', 1, 1),
(4, 'CHANGAMWE', '0004', 1, 1),
(5, 'CHAANI', '0005', 1, 1),
(6, 'JOMVU KUU', '0006', 1, 2),
(7, 'MIRITINI', '0007', 1, 2),
(8, 'MIKINDANI', '0008', 1, 2),
(9, 'MJAMBERE', '0009', 1, 3),
(10, 'JUNDA', '0010', 1, 3),
(11, 'BAMBURI', '0011', 1, 3),
(12, 'MWAKIRUNGE', '0012', 1, 3),
(13, 'MTOPANGA', '0013', 1, 3),
(14, 'MAGOGONI', '0014', 1, 3),
(15, 'SHANZU', '0015', 1, 3),
(16, 'FRERE TOWN', '0016', 1, 4),
(17, 'ZIWA LA NG\'OMBE', '0017', 1, 4),
(18, 'MKOMANI', '0018', 1, 4),
(19, 'KONGOWEA', '0019', 1, 4),
(20, 'KADZANDANI', '0020', 1, 4),
(21, 'MTONGWE', '0021', 1, 5),
(22, 'TIMBWANI', '0022', 1, 5),
(23, 'BOFU', '0023', 1, 5),
(24, 'LIKONI', '0024', 1, 5),
(25, 'TIMBWANI', '0025', 1, 5),
(26, 'MJI WA KALE/MAKADARA', '0026', 1, 6),
(27, 'TUDOR', '0027', 1, 6),
(28, 'TONONOKA', '0028', 1, 6),
(29, 'SHIMANZI/GANJONI', '0029', 1, 6),
(30, 'MAJENGO', '0030', 1, 6),
(31, 'GOMBATO BONGWE', '0031', 2, 7),
(32, 'UKUNDA', '0032', 2, 7),
(33, 'KINONDO', '0033', 2, 7),
(34, 'RAMISI', '0034', 2, 7),
(35, 'PONGWE/KIKONENI', '0035', 2, 8),
(36, 'DZOMBO', '0036', 2, 8),
(37, 'MWERENI', '0037', 2, 8),
(38, 'VANGA', '0038', 2, 8),
(39, 'TSIMBA GOLINI', '0039', 2, 9),
(40, 'WAA', '0040', 2, 9),
(41, 'TIWI', '0041', 2, 9),
(42, 'KUBO SOUTH', '0042', 2, 9),
(43, 'MKONGANI', '0043', 2, 9),
(44, 'NDAVAYA', '0044', 2, 10),
(45, 'PUMA', '0045', 2, 10),
(46, 'KINANGO', '0046', 2, 10),
(47, 'MACKINNON ROAD', '0047', 2, 10),
(48, 'CHENGONI/SAMBURU', '0048', 2, 10),
(49, 'MWAVUMBO', '0049', 2, 10),
(50, 'KASEMENI', '0050', 2, 10),
(51, 'TEZO', '0051', 3, 11),
(52, 'SOKONI', '0052', 3, 11),
(53, 'KIBARANI', '0053', 3, 11),
(54, 'DABASO', '0054', 3, 11),
(55, 'MATSANGONI', '0055', 3, 11),
(56, 'WATAMU', '0056', 3, 11),
(57, 'MNARANI', '0057', 3, 11),
(58, 'JUNJU', '0058', 3, 12),
(59, 'MWARAKAYA', '0059', 3, 12),
(60, 'SHIMO LA TEWA', '0060', 3, 12),
(61, 'CHASIMBA', '0061', 3, 12),
(62, 'MTEPENI', '0062', 3, 12),
(63, 'MARIAKANI', '0063', 3, 13),
(64, 'KAYAFUNGO', '0064', 3, 13),
(65, 'KALOLENI', '0065', 3, 13),
(66, 'MWANAMWINGA', '0066', 3, 13),
(67, 'MWAWESA', '0067', 3, 14),
(68, 'RURUMA', '0068', 3, 14),
(69, 'KAMBE/RIBE', '0069', 3, 14),
(70, 'RABAI/KISURUTINI', '0070', 3, 14),
(71, 'GANZE', '0071', 3, 15),
(72, 'BAMBA', '0072', 3, 15),
(73, 'JARIBUNI', '0073', 3, 15),
(74, 'SOKOKE', '0074', 3, 15),
(75, 'JILORE', '0075', 3, 16),
(76, 'KAKUYUNI', '0076', 3, 16),
(77, 'GANDA', '0077', 3, 16),
(78, 'MALINDI TOWN', '0078', 3, 16),
(79, 'SHELLA', '0079', 3, 16),
(80, 'MARAFA', '0080', 3, 17),
(81, 'MAGARINI', '0081', 3, 17),
(82, 'GONGONI', '0082', 3, 17),
(83, 'ADU', '0083', 3, 17),
(84, 'GARASHI', '0084', 3, 17),
(85, 'SABAKI', '0085', 3, 17),
(86, 'KIPINI EAST', '0086', 4, 18),
(87, 'GARSEN SOUTH', '0087', 4, 18),
(88, 'KIPINI WEST', '0088', 4, 18),
(89, 'GARSEN CENTRAL', '0089', 4, 18),
(90, 'GARSEN WEST', '0090', 4, 18),
(91, 'GARSEN NORTH', '0091', 4, 18),
(92, 'KINAKOMBA', '0092', 4, 19),
(93, 'MIKINDUNI', '0093', 4, 19),
(94, 'CHEWANI', '0094', 4, 19),
(95, 'WAYU', '0095', 4, 19),
(96, 'CHEWELE', '0096', 4, 20),
(97, 'HIRIMANI', '0097', 4, 20),
(98, 'BANGALE', '0098', 4, 20),
(99, 'SALA', '0099', 4, 20),
(100, 'MADOGO', '0100', 4, 20),
(101, 'FAZA', '0101', 5, 21),
(102, 'KIUNGA', '0102', 5, 21),
(103, 'BASUBA', '0103', 5, 21),
(104, 'SHELLA', '0104', 5, 22),
(105, 'MKOMANI', '0105', 5, 22),
(106, 'HINDI', '0106', 5, 22),
(107, 'MKUNUMBI', '0107', 5, 22),
(108, 'HONGWE', '0108', 5, 22),
(109, 'WITU', '0109', 5, 22),
(110, 'BAHARI', '0110', 5, 22),
(111, 'CHALA', '0111', 6, 23),
(112, 'MAHOO', '0112', 6, 23),
(113, 'BOMANI', '0113', 6, 23),
(114, 'MBOGHONI', '0114', 6, 23),
(115, 'MATA', '0115', 6, 23),
(116, 'WUNDANYI/MBALE', '0116', 6, 24),
(117, 'WERUGHA', '0117', 6, 24),
(118, 'WUMINGU/KISHUSHE', '0118', 6, 24),
(119, 'MWANDA/MGANGE', '0119', 6, 24),
(120, 'RONG\'E', '0120', 6, 25),
(121, 'MWATATE', '0121', 6, 25),
(122, 'BURA', '0122', 6, 25),
(123, 'CHAWIA', '0123', 6, 25),
(124, 'WUSI/KISHAMBA', '0124', 6, 25),
(125, 'MBOLOLO', '0125', 6, 26),
(126, 'SAGALLA', '0126', 6, 26),
(127, 'KALOLENI', '0127', 6, 26),
(128, 'MARUNGU', '0128', 6, 26),
(129, 'KASIGAU', '0129', 6, 26),
(130, 'NGOLIA', '0130', 6, 26),
(131, 'WABERI', '0131', 7, 27),
(132, 'GALBET', '0132', 7, 27),
(133, 'TOWNSHIP', '0133', 7, 27),
(134, 'IFTIN', '0134', 7, 27),
(135, 'BALAMBALA', '0135', 7, 28),
(136, 'DANYERE', '0136', 7, 28),
(137, 'JARA JARA', '0137', 7, 28),
(138, 'SAKA', '0138', 7, 28),
(139, 'SANKURI', '0139', 7, 28),
(140, 'MOGOGASHE', '0140', 7, 29),
(141, 'BENANE', '0141', 7, 29),
(142, 'GOREALE', '0142', 7, 29),
(143, 'MAALIMIN', '0143', 7, 29),
(144, 'SABENA', '0144', 7, 29),
(145, 'BARAKI', '0145', 7, 29),
(146, 'DERTU', '0146', 7, 30),
(147, 'DADAAB', '0147', 7, 30),
(148, 'LABASIGALE', '0148', 7, 30),
(149, 'DAMAJALE', '0149', 7, 30),
(150, 'LIBOI', '0150', 7, 30),
(151, 'ABAKAILE', '0151', 7, 30),
(152, 'BURA', '0152', 7, 31),
(153, 'DEKAHARA', '0153', 7, 31),
(154, 'JARAJILA', '0154', 7, 31),
(155, 'FAFI', '0155', 7, 31),
(156, 'NANIGHI', '0156', 7, 31),
(157, 'HULUGHO', '0157', 7, 32),
(158, 'SANGAILU', '0158', 7, 32),
(159, 'IJARA', '0159', 7, 32),
(160, 'MASALANI', '0160', 7, 32),
(161, 'GURAR', '0161', 8, 33),
(162, 'BUTE', '0162', 8, 33),
(163, 'KORONDILE', '0163', 8, 33),
(164, 'MALKAGUFU', '0164', 8, 33),
(165, 'BATALU', '0165', 8, 33),
(166, 'DANABA', '0166', 8, 33),
(167, 'GODOMA', '0167', 8, 33),
(168, 'WAGBERI', '0168', 8, 34),
(169, 'TOWNSHIP', '0169', 8, 34),
(170, 'BARWAGO', '0170', 8, 34),
(171, 'KHOROF/HARAR', '0171', 8, 34),
(172, 'ELBEN', '0172', 8, 35),
(173, 'SARMAN', '0173', 8, 35),
(174, 'TARBAJ', '0174', 8, 35),
(175, 'WARGADUD', '0175', 8, 35),
(176, 'ARBAJAHAN', '0176', 8, 36),
(177, 'HADADO/ATHIBOHOL', '0177', 8, 36),
(178, 'ADAMASAJIDE', '0178', 8, 36),
(179, 'GANYURE/WAGALLA', '0179', 8, 36),
(180, 'ELDAS', '0180', 8, 37),
(181, 'DELLA', '0181', 8, 37),
(182, 'LAKOLEY SOUTH/BASIR', '0182', 8, 37),
(183, 'ELNUR/TULATULA', '0183', 8, 37),
(184, 'BENANE', '0184', 8, 38),
(185, 'BURDER', '0185', 8, 38),
(186, 'DADAJA BULLA', '0186', 8, 38),
(187, 'HABASSWEIN', '0187', 8, 38),
(188, 'LAGBOGHOL SOUTH', '0188', 8, 38),
(189, 'IBRAHIM ULE', '0189', 8, 38),
(190, 'DIIF', '0190', 8, 38),
(191, 'TAKABA SOUTH', '0191', 9, 39),
(192, 'TAKABA', '0192', 9, 39),
(193, 'LAGSURE', '0193', 9, 39),
(194, 'DANDU', '0194', 9, 39),
(195, 'GITHER', '0195', 9, 39),
(196, 'BANISSA', '0196', 9, 40),
(197, 'DERKHALE', '0197', 9, 40),
(198, 'GUBA', '0198', 9, 40),
(199, 'MALKAMARI', '0199', 9, 40),
(200, 'KILIWEHIRI', '0200', 9, 40),
(201, 'ASHABITO', '0201', 9, 41),
(202, 'GUTICHA', '0202', 9, 41),
(203, 'MOROTHILE', '0203', 9, 41),
(204, 'RHAMU', '0204', 9, 41),
(205, 'RHAMU-DIMTU', '0205', 9, 41),
(206, 'WARGADUD', '0206', 9, 42),
(207, 'KUTULO', '0207', 9, 42),
(208, 'ELWAK SOUTH', '0208', 9, 42),
(209, 'ELWAK NORTH', '0209', 9, 42),
(210, 'SHIMBIR', '0210', 9, 42),
(211, 'ARABIA', '0211', 9, 43),
(212, 'TOWNSHIP', '0212', 9, 43),
(213, 'NEBOI', '0213', 9, 43),
(214, 'KHALALIO', '0214', 9, 43),
(215, 'LIBEHIA', '0215', 9, 43),
(216, 'SALA', '0216', 9, 44),
(217, 'FINO', '0217', 9, 44),
(218, 'LAFEY', '0218', 9, 44),
(219, 'WARANQARA', '0219', 9, 44),
(220, 'ALANGO GOF', '0220', 9, 44),
(221, 'BUTIYE', '0221', 10, 45),
(222, 'SOLOLO', '0222', 10, 45),
(223, 'HEILLU/MANYATTA', '0223', 10, 45),
(224, 'GOLBO', '0224', 10, 45),
(225, 'MOYALE TOWNSHIP', '0225', 10, 45),
(226, 'URAN', '0226', 10, 45),
(227, 'OBBU', '0227', 10, 45),
(228, 'DUKANA', '0228', 10, 46),
(229, 'MAIKONA', '0229', 10, 46),
(230, 'TURBI', '0230', 10, 46),
(231, 'NORTH HORR', '0231', 10, 46),
(232, 'ILLERET', '0232', 10, 46),
(233, 'SAGANTE/JALDESA', '0233', 10, 47),
(234, 'KARARE', '0234', 10, 47),
(235, 'MARSABIT CENTRAL', '0235', 10, 47),
(236, 'LOIYANGALANI', '0236', 10, 48),
(237, 'KARGI/SOUTH HORR', '0237', 10, 48),
(238, 'KORR/NGURUNIT', '0238', 10, 48),
(239, 'LOGO LOGO', '0239', 10, 48),
(240, 'LAISAMIS', '0240', 10, 48),
(241, 'WABERA', '0241', 11, 49),
(242, 'BULLA PESA', '0242', 11, 49),
(243, 'CHARI', '0243', 11, 49),
(244, 'CHERAB', '0244', 11, 49),
(245, 'NGARE MARA', '0245', 11, 49),
(246, 'BURAT', '0246', 11, 49),
(247, 'OLDO/NYIRO', '0247', 11, 49),
(248, 'GARBATULLA', '0248', 11, 50),
(249, 'KINNA', '0249', 11, 50),
(250, 'SERICHO', '0250', 11, 50),
(251, 'MAUA', '0251', 12, 51),
(252, 'KIEGOI/ANTUBOCHIU', '0252', 12, 51),
(253, 'ATHIRU GAITI', '0253', 12, 51),
(254, 'AKACHIU', '0254', 12, 51),
(255, 'KANUNI', '0255', 12, 51),
(256, 'AKIRANG\'ONDU', '0256', 12, 52),
(257, 'ATHIRU RUUJINE', '0257', 12, 52),
(258, 'IGEMBE EAST', '0258', 12, 52),
(259, 'NJIA', '0259', 12, 52),
(260, 'KANGETA', '0260', 12, 52),
(261, 'ANTUAMBUI', '0261', 12, 53),
(262, 'NTUNENE', '0262', 12, 53),
(263, 'ANTUBETWE KIONGO', '0263', 12, 53),
(264, 'NAATHU', '0264', 12, 53),
(265, 'AMWATHI', '0265', 12, 53),
(266, 'ATHWANA', '0266', 12, 54),
(267, 'AKITHII', '0267', 12, 54),
(268, 'KIANJAI', '0268', 12, 54),
(269, 'NKOMO', '0269', 12, 54),
(270, 'MBEU', '0270', 12, 54),
(271, 'THANGATHA', '0271', 12, 55),
(272, 'MIKINDURI', '0272', 12, 55),
(273, 'KIGUCHWA', '0273', 12, 55),
(274, 'MUTHARA', '0274', 12, 55),
(275, 'KARAMA', '0275', 12, 55),
(276, 'MUNICIPALITY', '0276', 12, 56),
(277, 'NTIMA EAST', '0277', 12, 56),
(278, 'NTIMA WEST', '0278', 12, 56),
(279, 'NYAKI WEST', '0279', 12, 56),
(280, 'NYAKI EAST', '0280', 12, 56),
(281, 'TIMAU', '0281', 12, 57),
(282, 'KISIMA', '0282', 12, 57),
(283, 'KIIRUA/NAARI', '0283', 12, 57),
(284, 'RUIRU/RWARERA', '0284', 12, 57),
(285, 'MWANGANTHIA', '0285', 12, 58),
(286, 'ABATHUGUCHI CENTRAL', '0286', 12, 58),
(287, 'ABATHUGUCHI WEST', '0287', 12, 58),
(288, 'KIAGU', '0288', 12, 58),
(289, 'KIBIRICHIA', '0289', 12, 57),
(290, 'MITUNGUU', '0290', 12, 59),
(291, 'IGOJI EAST', '0291', 12, 59),
(292, 'IGOJI WEST', '0292', 12, 59),
(293, 'ABOGETA EAST', '0293', 12, 59),
(294, 'ABOGETA WEST', '0294', 12, 59),
(295, 'NKUENE', '0295', 12, 59),
(296, 'MITHERU', '0296', 13, 60),
(297, 'MUTHAMBI', '0297', 13, 60),
(298, 'MWIMBI', '0298', 13, 60),
(299, 'GANGA', '0299', 13, 60),
(300, 'CHOGORIA', '0300', 13, 60),
(301, 'MARIANI', '0301', 13, 61),
(302, 'KARINGANI', '0302', 13, 61),
(303, 'MAGUMONI', '0303', 13, 61),
(304, 'MUGWE', '0304', 13, 61),
(305, 'IGAMBANG\'OMBE', '0305', 13, 61),
(306, 'GATUNGA', '0306', 13, 62),
(307, 'MUKOTHIMA', '0307', 13, 62),
(308, 'NKONDI', '0308', 13, 62),
(309, 'CHIAKARIGA', '0309', 13, 62),
(310, 'MARIMANTI', '0310', 13, 62),
(311, 'RUGURU/NGANDORI', '0311', 14, 63),
(312, 'KITHIMU', '0312', 14, 63),
(313, 'NGINDA', '0313', 14, 63),
(314, 'MBETI NORTH', '0314', 14, 63),
(315, 'KIRIMARI', '0315', 14, 63),
(316, 'GATURI SOUTH', '0316', 14, 63),
(317, 'GATURI NORTH', '0317', 14, 64),
(318, 'KAGAARI SOUTH', '0318', 14, 64),
(319, 'CENTRAL WARD', '0319', 14, 64),
(320, 'KAGAARI NORTH', '0320', 14, 64),
(321, 'KYENI NORTH', '0321', 14, 64),
(322, 'KYENI SOUTH', '0322', 14, 64),
(323, 'MWEA', '0323', 14, 65),
(324, 'MAKIMA', '0324', 14, 65),
(325, 'MBETI SOUTH', '0325', 14, 65),
(326, 'MAVURIA', '0326', 14, 65),
(327, 'KIAMBERE', '0327', 14, 65),
(328, 'NTHAWA', '0328', 14, 66),
(329, 'MUMINJI', '0329', 14, 66),
(330, 'EVURORE', '0330', 14, 66),
(331, 'NGOMENI', '0331', 15, 67),
(332, 'KYUSO', '0332', 15, 67),
(333, 'MUMONI', '0333', 15, 67),
(334, 'TSEIKURU', '0334', 15, 67),
(335, 'THARAKA', '0335', 15, 67),
(336, 'KYOME/THAANA', '0336', 15, 68),
(337, 'NGUUTANI', '0337', 15, 68),
(338, 'MIGWANI', '0338', 15, 68),
(339, 'KIOMO/KYETHANI', '0339', 15, 68),
(340, 'CENTRAL', '0340', 15, 69),
(341, 'KIVOU', '0341', 15, 69),
(342, 'NGUNI', '0342', 15, 69),
(343, 'NUU', '0343', 15, 69),
(344, 'MUI', '0344', 15, 69),
(345, 'WAITA', '0345', 15, 69),
(346, 'MUTONGUNI', '0346', 15, 70),
(347, 'KAUWI', '0347', 15, 70),
(348, 'MATINYANI', '0348', 15, 70),
(349, 'KWA MUTONGA/KITHUMULA', '0349', 15, 70),
(350, 'KISASI', '0350', 15, 71),
(351, 'MBITINI', '0351', 15, 71),
(352, 'KWAVONZA/YATTA', '0352', 15, 71),
(353, 'KANYANGI', '0353', 15, 71),
(354, 'MIAMBANI', '0354', 15, 72),
(355, 'TOWNSHIP', '0355', 15, 72),
(356, 'KYANGWITHYA WEST', '0356', 15, 72),
(357, 'MULANGO', '0357', 15, 72),
(358, 'KYANGWITHYA EAST', '0358', 15, 72),
(359, 'ZOMBE/MWITIKA', '0359', 15, 73),
(360, 'NZAMBANI', '0360', 15, 73),
(361, 'CHULUNI', '0361', 15, 73),
(362, 'VOO/KYAMATU', '0362', 15, 73),
(363, 'ENDAU/MALALANI', '0363', 15, 73),
(364, 'MUTITO/KALIKU', '0364', 15, 73),
(365, 'IKANGA/KYATUNE', '0365', 15, 74),
(366, 'MUTOMO', '0366', 15, 74),
(367, 'MUTHA', '0367', 15, 74),
(368, 'IKUTHA', '0368', 15, 74),
(369, 'KANZIKO', '0369', 15, 74),
(370, 'ATHI', '0370', 15, 74),
(371, 'KIVAA', '0371', 16, 75),
(372, 'MASINGA CENTRAL', '0372', 16, 75),
(373, 'EKALAKALA', '0373', 16, 75),
(374, 'MUTHESYA', '0374', 16, 75),
(375, 'NDITHINI', '0375', 16, 75),
(376, 'NDALANI', '0376', 16, 76),
(377, 'MATUU', '0377', 16, 76),
(378, 'KITHIMANI', '0378', 16, 76),
(379, 'IKOMBE', '0379', 16, 76),
(380, 'KATANGI', '0380', 16, 76),
(381, 'KANGUNDO NORTH', '0381', 16, 77),
(382, 'KANGUNDO CENTRAL', '0382', 16, 77),
(383, 'KANGUNDO EAST', '0383', 16, 77),
(384, 'KANGUNDO WEST', '0384', 16, 77),
(385, 'TALA', '0385', 16, 78),
(386, 'MATUNGULU NORTH', '0386', 16, 78),
(387, 'MATUNGULU EAST', '0387', 16, 78),
(388, 'MATUNGULU WEST', '0388', 16, 78),
(389, 'KYELENI', '0389', 16, 78),
(390, 'MITABONI', '0390', 16, 79),
(391, 'KITHIANI CENTRAL', '0391', 16, 79),
(392, 'UPPER KAEWA/IVETI', '0392', 16, 79),
(393, 'LOWER KAEWA/KAANI', '0393', 16, 79),
(394, 'ATHI RIVER', '0394', 16, 80),
(395, 'KINANIE', '0395', 16, 80),
(396, 'MUTHWANI', '0396', 16, 80),
(397, 'SYOKIMAU/MULOLONGO', '0397', 16, 80),
(398, 'KALAMA', '0398', 16, 81),
(399, 'MUA', '0399', 16, 81),
(400, 'MUTITUNI', '0400', 16, 81),
(401, 'MACHAKOS CENTRAL', '0401', 16, 81),
(402, 'MUMBUNI NORTH', '0402', 16, 81),
(403, 'MUVUTI/KIIMA-KIMWE', '0403', 16, 81),
(404, 'KOLA', '0404', 16, 81),
(405, 'MBIUNI', '0405', 16, 82),
(406, 'MAKUTANO/MWALA', '0406', 16, 82),
(407, 'MASII', '0407', 16, 82),
(408, 'MUTHETHENI', '0408', 16, 82),
(409, 'WAMUNYU', '0409', 16, 82),
(410, 'KIBAUNI', '0410', 16, 82),
(411, 'TULIMANI', '0411', 17, 83),
(412, 'MBOONI', '0412', 17, 83),
(413, 'KITHUNGO/KITUNDU', '0413', 17, 83),
(414, 'KITETA/KISAU', '0414', 17, 83),
(415, 'WAIA-KAKO', '0415', 17, 83),
(416, 'KALAWA', '0416', 17, 83),
(417, 'KASIKEU', '0417', 17, 83),
(418, 'MUKAA', '0418', 17, 84),
(419, 'KIIMA KIU/KALANZONI', '0419', 17, 84),
(420, 'UKIA', '0420', 17, 85),
(421, 'KEE', '0421', 17, 85),
(422, 'KILUNGU', '0422', 17, 85),
(423, 'ILIMA', '0423', 17, 85),
(424, 'WOTE', '0424', 17, 86),
(425, 'MUVAU/KIKUUMINI', '0425', 17, 86),
(426, 'MAVINDINI', '0426', 17, 86),
(427, 'KITISE/KITHUKI', '0427', 17, 86),
(428, 'KATHONZWENI', '0428', 17, 86),
(429, 'NZAUI/KILILI/KALAMBA', '0429', 17, 86),
(430, 'MBITINI', '0430', 17, 86),
(431, 'MAKINDU', '0431', 17, 87),
(432, 'NGUUMO', '0432', 17, 87),
(433, 'KIKUMBULYU NORTH', '0433', 17, 87),
(434, 'KIKUMBULYU SOUTH', '0434', 17, 87),
(435, 'NGUU/MASUMBA', '0435', 17, 87),
(436, 'EMALI/MULALA', '0436', 17, 87),
(437, 'MASONGALENI', '0437', 17, 88),
(438, 'MTITO ANDEI', '0438', 17, 88),
(439, 'THANGE', '0439', 17, 88),
(440, 'IVINGONI/NZAMBANI', '0440', 17, 88),
(441, 'ENGINEER', '0441', 18, 89),
(442, 'GATHARA', '0442', 18, 89),
(443, 'NORTH KINANGOP', '0443', 18, 89),
(444, 'MURUNGARU', '0444', 18, 89),
(445, 'NJABINI/KIBURU', '0445', 18, 89),
(446, 'NYAKIO', '0446', 18, 89),
(447, 'GITHABAI', '0447', 18, 89),
(448, 'MAGUMU', '0448', 18, 89),
(449, 'WANJOHI', '0449', 18, 90),
(450, 'KIPIPIRI', '0450', 18, 90),
(451, 'GETA', '0451', 18, 90),
(452, 'GITHIORO', '0452', 18, 90),
(453, 'KARAU', '0453', 18, 91),
(454, 'KANJUIRI RANGE', '0454', 18, 91),
(455, 'MIRANGINE', '0455', 18, 91),
(456, 'KIAMBAGA', '0456', 18, 91),
(457, 'RURII', '0457', 18, 91),
(458, 'GATHANJI', '0458', 18, 92),
(459, 'GATIMU', '0459', 18, 92),
(460, 'WERU', '0460', 18, 92),
(461, 'CHARAGITA', '0461', 18, 92),
(462, 'LESHAU/PONDO', '0462', 18, 93),
(463, 'KIRIITA', '0463', 18, 93),
(464, 'CENTRAL', '0464', 18, 93),
(465, 'SHAMATA', '0465', 18, 93),
(466, 'DEDAN KIMANTHI', '0466', 19, 94),
(467, 'WAMAGANA', '0467', 19, 94),
(468, 'AGUTHI-GAAKI', '0468', 19, 94),
(469, 'MWEIGA', '0469', 19, 95),
(470, 'NAROMORU KIAMATHAGA', '0470', 19, 95),
(471, 'MWIYOGO/ENDARASHA', '0471', 19, 95),
(472, 'MUGUNDA', '0472', 19, 95),
(473, 'GATARAKWA', '0473', 19, 95),
(474, 'THEGU RIVER', '0474', 19, 95),
(475, 'KABARU', '0475', 19, 95),
(476, 'GAKAWA', '0476', 19, 95),
(477, 'RUGURU', '0477', 19, 96),
(478, 'MAGUTU', '0478', 19, 96),
(479, 'IRIANI', '0479', 19, 96),
(480, 'KONYU', '0480', 19, 96),
(481, 'KIRIMUKUYU', '0481', 19, 96),
(482, 'KARATINA TOWN', '0482', 19, 96),
(483, 'MAHIGA', '0483', 19, 97),
(484, 'IRIA-INI', '0484', 19, 97),
(485, 'CHINGA', '0485', 19, 97),
(486, 'KARIMA', '0486', 19, 97),
(487, 'GIKONDI', '0487', 19, 98),
(488, 'RUGI', '0488', 19, 98),
(489, 'MUKURWE-INI WEST', '0489', 19, 98),
(490, 'MUKURWE-INI CENTRAL', '0490', 19, 98),
(491, 'KIGANJO/MATHARI', '0491', 19, 99),
(492, 'RWARE', '0492', 19, 99),
(493, 'GATITU/MURUGURU', '0493', 19, 99),
(494, 'RURING\'U', '0494', 19, 99),
(495, 'KAMAKWA/MUKARO', '0495', 19, 99),
(496, 'MUTITHI', '0496', 20, 100),
(497, 'KANGAI', '0497', 20, 100),
(498, 'THIBA', '0498', 20, 100),
(499, 'WAMUMU', '0499', 20, 100),
(500, 'NYANGATI', '0500', 20, 100),
(501, 'MURINDUKO', '0501', 20, 100),
(502, 'GATHIGIRIRI', '0502', 20, 100),
(503, 'TEBERE', '0503', 20, 100),
(504, 'KABARE', '0504', 20, 101),
(505, 'BARAGWI', '0505', 20, 101),
(506, 'NJUKINI', '0506', 20, 101),
(507, 'NGARIAMA', '0507', 20, 101),
(508, 'KARUMANDI', '0508', 20, 101),
(509, 'MUKURE', '0509', 20, 102),
(510, 'KIINE', '0510', 20, 102),
(511, 'KARITI', '0511', 20, 102),
(512, 'MUTIRA', '0512', 20, 103),
(513, 'KANYEKINI', '0513', 20, 103),
(514, 'KERUGOYA', '0514', 20, 103),
(515, 'INOI', '0515', 20, 103),
(516, 'KANYENYA-INI', '0516', 21, 104),
(517, 'MUGURU', '0517', 21, 104),
(518, 'RWATHIA', '0518', 21, 104),
(519, 'GITUGI', '0519', 21, 105),
(520, 'KIRU', '0520', 21, 105),
(521, 'KAMACHARIA', '0521', 21, 105),
(522, 'WANGU', '0522', 21, 106),
(523, 'MUGOIRI', '0523', 21, 106),
(524, 'MBIRI', '0524', 21, 106),
(525, 'TOWNSHIP', '0525', 21, 106),
(526, 'MURARANDIA', '0526', 21, 106),
(527, 'GATURI', '0527', 21, 106),
(528, 'KAHUMBU', '0528', 21, 107),
(529, 'MUTHITHI', '0529', 21, 107),
(530, 'KIGUMO', '0530', 21, 107),
(531, 'KANGARI', '0531', 21, 107),
(532, 'KINYONA', '0532', 21, 107),
(533, 'KIMORORI/WEMPA', '0533', 21, 108),
(534, 'MAKUYU', '0534', 21, 108),
(535, 'KAMBITI', '0535', 21, 108),
(536, 'KAMAHUHA', '0536', 21, 108),
(537, 'ICHAGAKI', '0537', 21, 108),
(538, 'NGINDA', '0538', 21, 108),
(539, 'NG\'ARARIA', '0539', 21, 109),
(540, 'MURUKA', '0540', 21, 109),
(541, 'KAGUNDU-INI', '0541', 21, 109),
(542, 'GAICHANJIRU', '0542', 21, 109),
(543, 'ITHIRU', '0543', 21, 109),
(544, 'RUCHU', '0544', 21, 109),
(545, 'ITHANGA', '0545', 21, 110),
(546, 'KAKUZI/MITUBIRI', '0546', 21, 110),
(547, 'MUGUMO-INI', '0547', 21, 110),
(548, 'KIHUMBU-INI', '0548', 21, 110),
(549, 'GATANGA', '0549', 21, 110),
(550, 'KARIARA', '0550', 21, 110),
(551, 'KIAMWANGI', '0551', 22, 111),
(552, 'KIGANJO', '0552', 22, 111),
(553, 'NDARUGU', '0553', 22, 111),
(554, 'NGENDA', '0554', 22, 111),
(555, 'GITUAMBA', '0555', 22, 112),
(556, 'GITHOBOKONI', '0556', 22, 112),
(557, 'CHANIA', '0557', 22, 112),
(558, 'MANG\'U', '0558', 22, 112),
(559, 'MURERA', '0559', 22, 113),
(560, 'THETA', '0560', 22, 113),
(561, 'JUJA', '0561', 22, 113),
(562, 'WITEITHIE', '0562', 22, 113),
(563, 'KALIMONI', '0563', 22, 113),
(564, 'TOWNSHIP', '0564', 22, 114),
(565, 'KAMENU', '0565', 22, 114),
(566, 'HOSPITAL', '0566', 22, 114),
(567, 'GATUANYAGA', '0567', 22, 114),
(568, 'NGOLIBA', '0568', 22, 114),
(569, 'GITOTHUA', '0569', 22, 115),
(570, 'BIASHARA', '0570', 22, 115),
(571, 'GATHONGORA', '0571', 22, 115),
(572, 'KAHAWA SUKARI', '0572', 22, 115),
(573, 'KAHAWA WENDANI', '0573', 22, 115),
(574, 'KIUU', '0574', 22, 115),
(575, 'MWIKI', '0575', 22, 115),
(576, 'MWIHOKO', '0576', 22, 115),
(577, 'GITHUNGURI', '0577', 22, 116),
(578, 'GITHIGA', '0578', 22, 116),
(579, 'IKINU', '0579', 22, 116),
(580, 'NGEWA', '0580', 22, 116),
(581, 'KOMOTHAI', '0581', 22, 116),
(582, 'TING\'ANG\'A', '0582', 22, 117),
(583, 'NDUMBERI', '0583', 22, 117),
(584, 'RIABAI', '0584', 22, 117),
(585, 'TOWNSHIP', '0585', 22, 117),
(586, 'CIANDA', '0586', 22, 118),
(587, 'KARURI', '0587', 22, 118),
(588, 'NDENDERU', '0588', 22, 118),
(589, 'MUCHATHA', '0589', 22, 118),
(590, 'KIHARA', '0590', 22, 118),
(591, 'GITARU', '0591', 22, 119),
(592, 'MUGUGA', '0592', 22, 119),
(593, 'NYADHUNA', '0593', 22, 119),
(594, 'KABETE', '0594', 22, 119),
(595, 'UTHIRU', '0595', 22, 119),
(596, 'KARAI', '0596', 22, 120),
(597, 'NACHU', '0597', 22, 120),
(598, 'SIGONA', '0598', 22, 120),
(599, 'KIKUYU', '0599', 22, 120),
(600, 'KINOO', '0600', 22, 120),
(601, 'BIBIRIONI', '0601', 22, 121),
(602, 'LIMURU CENTRAL', '0602', 22, 121),
(603, 'NDEIYA', '0603', 22, 121),
(604, 'LIMURU EAST', '0604', 22, 121),
(605, 'NGECHA TIGONI', '0605', 22, 121),
(606, 'KINALE', '0606', 22, 122),
(607, 'KIJABE', '0607', 22, 122),
(608, 'NYANDUMA', '0608', 22, 122),
(609, 'KAMBURU', '0609', 22, 122),
(610, 'LARI/KIRENGA', '0610', 22, 122),
(611, 'KAERIS', '0611', 23, 123),
(612, 'LAKE ZONE', '0612', 23, 123),
(613, 'LAPUR', '0613', 23, 123),
(614, 'KAALENG/KAIKOR', '0614', 23, 123),
(615, 'KIBISH', '0615', 23, 123),
(616, 'NAKALALE', '0616', 23, 123),
(617, 'KAKUMA', '0617', 23, 124),
(618, 'LOPUR', '0618', 23, 124),
(619, 'LETEA', '0619', 23, 124),
(620, 'SONGOT', '0620', 23, 124),
(621, 'KALOBEYEI', '0621', 23, 124),
(622, 'LOKICHOGGIO', '0622', 23, 124),
(623, 'NANAAM', '0623', 23, 124),
(624, 'KERIO DELTA', '0624', 23, 125),
(625, 'KANG\'ATOTHA', '0625', 23, 125),
(626, 'KALOKOL', '0626', 23, 125),
(627, 'LODWAR TOWNSHIP', '0627', 23, 125),
(628, 'KANAMKEMER', '0628', 23, 125),
(629, 'KOTARUK/LOBEI', '0629', 23, 126),
(630, 'TURKWEL', '0630', 23, 126),
(631, 'LOIMA', '0631', 23, 126),
(632, 'LOKIRIAMA/LORENGIPPI', '0632', 23, 126),
(633, 'KAPUTIR', '0633', 23, 127),
(634, 'KATILU', '0634', 23, 127),
(635, 'LOBOKAT', '0635', 23, 127),
(636, 'KALAPATA', '0636', 23, 127),
(637, 'LOKICHAR', '0637', 23, 127),
(638, 'KAPEDO/NAPEITOM', '0638', 23, 128),
(639, 'KATILIA', '0639', 23, 128),
(640, 'LOKORI/KOCHODIN', '0640', 23, 128),
(641, 'RIWO', '0641', 24, 129),
(642, 'KAPENGURIA', '0642', 24, 129),
(643, 'MNAGEI', '0643', 24, 129),
(644, 'SIYOI', '0644', 24, 129),
(645, 'ENDUGH', '0645', 24, 129),
(646, 'SOOK', '0646', 24, 129),
(647, 'SEKERR', '0647', 24, 130),
(648, 'MASOOL', '0648', 24, 130),
(649, 'LOMUT', '0649', 24, 130),
(650, 'WEIWEI', '0650', 24, 130),
(651, 'SUAM', '0651', 24, 131),
(652, 'KODICH', '0652', 24, 131),
(653, 'KASEI', '0653', 24, 131),
(654, 'KAPCHOK', '0654', 24, 131),
(655, 'KIWAWA', '0655', 24, 131),
(656, 'ALALE', '0656', 24, 131),
(657, 'CHEPARERIA', '0657', 24, 132),
(658, 'BATEI', '0658', 24, 132),
(659, 'LELAN', '0659', 24, 132),
(660, 'TAPACH', '0660', 24, 132),
(661, 'LODOKEJEK', '0661', 25, 133),
(662, 'SUGUTA MARMAR', '0662', 25, 133),
(663, 'MARALAL', '0663', 25, 133),
(664, 'LOOSUK', '0664', 25, 133),
(665, 'PORO', '0665', 25, 133),
(666, 'EL-BARTA', '0666', 25, 134),
(667, 'NACHOLA', '0667', 25, 134),
(668, 'NDOTO', '0668', 25, 134),
(669, 'NYIRO', '0669', 25, 134),
(670, 'ANGATA NANYOKIE', '0670', 25, 134),
(671, 'BAAWA', '0671', 25, 134),
(672, 'WASO', '0672', 25, 135),
(673, 'WAMBA WEST', '0673', 25, 135),
(674, 'WAMBA EAST', '0674', 25, 135),
(675, 'WAMBA NORTH', '0675', 25, 135),
(676, 'KAPOMBOI', '0676', 26, 136),
(677, 'KWANZA', '0677', 26, 136),
(678, 'KEIYO', '0678', 26, 136),
(679, 'BIDII', '0679', 26, 136),
(680, 'CHEPCHOINA', '0680', 26, 137),
(681, 'ENDEBESS', '0681', 26, 137),
(682, 'MATUMBEI', '0682', 26, 137),
(683, 'KINYORO', '0683', 26, 138),
(684, 'MATISI', '0684', 26, 138),
(685, 'TUWANI', '0685', 26, 138),
(686, 'SABOTI', '0686', 26, 138),
(687, 'MACHEWA', '0687', 26, 138),
(688, 'KIMININI', '0688', 26, 139),
(689, 'WAITALUK', '0689', 26, 139),
(690, 'SIRENDE', '0690', 26, 139),
(691, 'HOSPITAL', '0691', 26, 139),
(692, 'SIKHENDU', '0692', 26, 139),
(693, 'NABISWA', '0693', 26, 139),
(694, 'SINYERERE', '0694', 26, 140),
(695, 'MAKUTANO', '0695', 26, 140),
(696, 'KAPLAMAI', '0696', 26, 140),
(697, 'MOTOSIET', '0697', 26, 140),
(698, 'CHERANGANY/SUWERWA', '0698', 26, 140),
(699, 'CHEPSIRO/KIPTOROR', '0699', 26, 140),
(700, 'SITATUNGA', '0700', 26, 140),
(701, 'MOI\'S BRIDGE', '0701', 27, 141),
(702, 'KAPKURES', '0702', 27, 141),
(703, 'ZIWA', '0703', 27, 141),
(704, 'SEGERO/BARSOMBE', '0704', 27, 141),
(705, 'KIPSOMBA', '0705', 27, 141),
(706, 'SOY', '0706', 27, 141),
(707, 'KUINET/KAPSUSWA', '0707', 27, 141),
(708, 'NGENYILEL', '0708', 27, 142),
(709, 'TAPSAGOI', '0709', 27, 142),
(710, 'KAMAGUT', '0710', 27, 142),
(711, 'KIPLOMBE', '0711', 27, 142),
(712, 'KAPSAOS', '0712', 27, 142),
(713, 'HURUMA', '0713', 27, 142),
(714, 'TEMBELIO', '0714', 27, 143),
(715, 'SERGOIT', '0715', 27, 143),
(716, 'KARUNA/MEIBEKI', '0716', 27, 143),
(717, 'MOIBEN', '0717', 27, 143),
(718, 'KIMUMU', '0718', 27, 143),
(719, 'KAPSOYA', '0719', 27, 144),
(720, 'KAPTAGAT', '0720', 27, 144),
(721, 'AINABKOI/OLARE', '0721', 27, 144),
(722, 'SIMAT/KAPSERET', '0722', 27, 145),
(723, 'KIPKENYO', '0723', 27, 145),
(724, 'NGERIA', '0724', 27, 145),
(725, 'MEGUN', '0725', 27, 145),
(726, 'LANGAS', '0726', 27, 145),
(727, 'RACECOURSE', '0727', 27, 146),
(728, 'CHEPTIRET/KIPCHAMO', '0728', 27, 146),
(729, 'TULWET/CHUIYAT', '0729', 27, 146),
(730, 'TARAKWA', '0730', 27, 146),
(731, 'KAPYEGO', '0731', 28, 147),
(732, 'SAMBIRIR', '0732', 28, 147),
(733, 'ENDO', '0733', 28, 147),
(734, 'EMBOBUT/EMBULOT', '0734', 28, 147),
(735, 'LELAN', '0735', 28, 148),
(736, 'SENGWER', '0736', 28, 148),
(737, 'CHERANG\'ANY/CHEBORORWA', '0737', 28, 148),
(738, 'MOIBEN/KUSERWO', '0738', 28, 148),
(739, 'KAPSOWAR', '0739', 28, 148),
(740, 'ARROR', '0740', 28, 148),
(741, 'EMSOO', '0741', 28, 149),
(742, 'KAMARINY', '0742', 28, 149),
(743, 'KAPCHEMUTWA', '0743', 28, 149),
(744, 'TAMBACH', '0744', 28, 149),
(745, 'KAPTARAKWA', '0745', 28, 150),
(746, 'CHEPKORIO', '0746', 28, 150),
(747, 'SOY NORTH', '0747', 28, 150),
(748, 'SOY SOUTH', '0748', 28, 150),
(749, 'KABIEMIT', '0749', 28, 150),
(750, 'METKEI', '0750', 28, 150),
(751, 'SONGHOR/SOBA', '0751', 29, 151),
(752, 'TINDIRET', '0752', 29, 151),
(753, 'CHEMELIL/CHEMASE', '0753', 29, 151),
(754, 'KAPSIMOTWO', '0754', 29, 151),
(755, 'KABWARENG', '0755', 29, 152),
(756, 'TERIK', '0756', 29, 152),
(757, 'KEMELOI-MARABA', '0757', 29, 152),
(758, 'KOBUJOI', '0758', 29, 152),
(759, 'KAPTUMO-KABOI', '0759', 29, 152),
(760, 'KOYO-NDURIO', '0760', 29, 152),
(761, 'NANDI HILLS', '0761', 29, 153),
(762, 'CHEPKUNYUK', '0762', 29, 153),
(763, 'OL\'LESSOS', '0763', 29, 153),
(764, 'KAPCHORUA', '0764', 29, 153),
(765, 'CHEMUNDU/KAPNG\'ETUNY', '0765', 29, 154),
(766, 'KOSIRAI', '0766', 29, 154),
(767, 'LELMOKWO/NGECHEK', '0767', 29, 154),
(768, 'KAPTEL/KAMOIYWO', '0768', 29, 154),
(769, 'KIPTUYA', '0769', 29, 154),
(770, 'CHEPKUMIA', '0770', 29, 155),
(771, 'KAPKANGANI', '0771', 29, 155),
(772, 'KAPSABET', '0772', 29, 155),
(773, 'KILIBWONI', '0773', 29, 155),
(774, 'CHEPTERWAI', '0774', 29, 156),
(775, 'KIPKAREN', '0775', 29, 156),
(776, 'KURGUNG/SURUNGAI', '0776', 29, 156),
(777, 'KABIYET', '0777', 29, 156),
(778, 'NDALAT', '0778', 29, 156),
(779, 'KABISAGA', '0779', 29, 156),
(780, 'SANGALO/KEBULONIK', '0780', 29, 156),
(781, 'TIRIOKO', '0781', 30, 157),
(782, 'KOLOWA', '0782', 30, 157),
(783, 'RIBKWO', '0783', 30, 157),
(784, 'SILALE', '0784', 30, 157),
(785, 'LOIYAMOROCK', '0785', 30, 157),
(786, 'TANGULBEI/KOROSSI', '0786', 30, 157),
(787, 'CHURO/AMAYA', '0787', 30, 157),
(788, 'BARWESSA', '0788', 30, 158),
(789, 'KABARTONJO', '0789', 30, 158),
(790, 'SAIMO/KIPSARAMAN', '0790', 30, 158),
(791, 'SAIMO/SOI', '0791', 30, 158),
(792, 'BARTABWA', '0792', 30, 158),
(793, 'KABARNET', '0793', 30, 159),
(794, 'SACHO', '0794', 30, 159),
(795, 'TENGES', '0795', 30, 159),
(796, 'EWALEL/CHAPCHAP', '0796', 30, 159),
(797, 'KAPROPITA', '0797', 30, 159),
(798, 'MARIGAT', '0798', 30, 160),
(799, 'ILCHAMUS', '0799', 30, 160),
(800, 'MOCHONGOI', '0800', 30, 160),
(801, 'MUKUTANI', '0801', 30, 160),
(802, 'MOGOTOI', '0802', 30, 161),
(803, 'EMINING', '0803', 30, 161),
(804, 'KISANANA', '0804', 30, 161),
(805, 'LEMBUS', '0805', 30, 162),
(806, 'LEMBUS KWEN', '0806', 30, 162),
(807, 'RAVINE', '0807', 30, 162),
(808, 'MUMBERES/MAJI MAZURI', '0808', 30, 162),
(809, 'LEMBUS/PERKERRA', '0809', 30, 162),
(810, 'KOIBATEK', '0810', 30, 162),
(811, 'OL-MORAN', '0811', 31, 163),
(812, 'RUMURUTI TOWNSHIP', '0812', 31, 163),
(813, 'GITHIGA', '0813', 31, 163),
(814, 'MARMANET', '0814', 31, 163),
(815, 'IGWAMITI', '0815', 31, 163),
(816, 'SALAMA', '0816', 31, 163),
(817, 'NGOBIT', '0817', 31, 164),
(818, 'TIGITHI', '0818', 31, 164),
(819, 'THINGITHU', '0819', 31, 164),
(820, 'NANYUKI', '0820', 31, 164),
(821, 'UMANDE', '0821', 31, 164),
(822, 'SOSIAN', '0822', 31, 165),
(823, 'SEGERA', '0823', 31, 165),
(824, 'MUGOGODO WEST', '0824', 31, 165),
(825, 'MUGOGODO EAST', '0825', 31, 165),
(826, 'MARIASHONI', '0826', 32, 166),
(827, 'ELBURGON', '0827', 32, 166),
(828, 'TURI', '0828', 32, 166),
(829, 'MOLO', '0829', 32, 166),
(830, 'MAU NAROK', '0830', 32, 167),
(831, 'MAUCHE', '0831', 32, 167),
(832, 'KIHINGO', '0832', 32, 167),
(833, 'NESSUIT', '0833', 32, 167),
(834, 'LARE', '0834', 32, 167),
(835, 'NJORO', '0835', 32, 167),
(836, 'BIASHARA', '0836', 32, 168),
(837, 'HELLS GATE', '0837', 32, 168),
(838, 'LAKE VIEW', '0838', 32, 168),
(839, 'MAI MAHIU', '0839', 32, 168),
(840, 'MAIELLA', '0840', 32, 168),
(841, 'OLKARIA', '0841', 32, 168),
(842, 'NAIVASHA EAST', '0842', 32, 168),
(843, 'VIWANDANI', '0843', 32, 168),
(844, 'GILGIL', '0844', 32, 169),
(845, 'ELEMENTAITA', '0845', 32, 169),
(846, 'MBARUK/EBURU', '0846', 32, 169),
(847, 'MALEWA WEST', '0847', 32, 169),
(848, 'MURINDATI', '0848', 32, 169),
(849, 'AMALO', '0849', 32, 170),
(850, 'KERINGET', '0850', 32, 170),
(851, 'KIPTAGICH', '0851', 32, 170),
(852, 'TINET', '0852', 32, 170),
(853, 'KIPTORORO', '0853', 32, 171),
(854, 'NYOTA', '0854', 32, 171),
(855, 'SIRIKWA', '0855', 32, 171),
(856, 'KAMARA', '0856', 32, 171),
(857, 'SUBUKIA', '0857', 32, 172),
(858, 'WASEGES', '0858', 32, 172),
(859, 'KABAZI', '0859', 32, 172),
(860, 'MENENGAI WEST', '0860', 32, 173),
(861, 'SOIN', '0861', 32, 173),
(862, 'VISOI', '0862', 32, 173),
(863, 'MOSOP', '0863', 32, 173),
(864, 'SOLAI', '0864', 32, 173),
(865, 'DUNDORI', '0865', 32, 174),
(866, 'KABATINI', '0866', 32, 174),
(867, 'KIAMAINA', '0867', 32, 174),
(868, 'LANET/UMOJA', '0868', 32, 174),
(869, 'BAHATI', '0869', 32, 174),
(870, 'BARUT', '0870', 32, 175),
(871, 'LONDON', '0871', 32, 175),
(872, 'KAPTEMBWO', '0872', 32, 175),
(873, 'KAPKURES', '0873', 32, 175),
(874, 'RHODA', '0874', 32, 175),
(875, 'SHAABAB', '0875', 32, 175),
(876, 'BIASHARA', '0876', 32, 176),
(877, 'KIVUMBINI', '0877', 32, 176),
(878, 'FLAMINGO', '0878', 32, 176),
(879, 'MENENGAI', '0879', 32, 176),
(880, 'NAKURU EAST', '0880', 32, 176),
(881, 'KILGORIS CENTRAL', '0881', 33, 177),
(882, 'KEYIAN', '0882', 33, 177),
(883, 'ANGATA BARIKIO', '0883', 33, 177),
(884, 'SHANKOE', '0884', 33, 177),
(885, 'KIMINTET', '0885', 33, 177),
(886, 'LOLGORIAN', '0886', 33, 177),
(887, 'ILKERIN', '0887', 33, 178),
(888, 'OLOIMASANI', '0888', 33, 178),
(889, 'MOGONDO', '0889', 33, 178),
(890, 'KAPSASIAN', '0890', 33, 178),
(891, 'OLPUSIMORU', '0891', 33, 179),
(892, 'OLOKURTO', '0892', 33, 179),
(893, 'NAROK TOWN', '0893', 33, 179),
(894, 'NKARETA', '0894', 33, 179),
(895, 'OLORROPIL', '0895', 33, 179),
(896, 'MELILI', '0896', 33, 179),
(897, 'MOSIRO', '0897', 33, 180),
(898, 'ILDAMAT', '0898', 33, 180),
(899, 'KEEKONYOKIE', '0899', 33, 180),
(900, 'SUSWA', '0900', 33, 180),
(901, 'MAJIMOTO/NAROOSURA', '0901', 33, 181),
(902, 'OLOLULUNG\'A', '0902', 33, 181),
(903, 'MELELO', '0903', 33, 181),
(904, 'LOITA', '0904', 33, 181),
(905, 'SOGOO', '0905', 33, 181),
(906, 'SAGAMIAN', '0906', 33, 181),
(907, 'ILMOTIOK', '0907', 33, 182),
(908, 'MARA', '0908', 33, 182),
(909, 'SIANA', '0909', 33, 182),
(910, 'NAIKARRA', '0910', 33, 182),
(911, 'OLKERI', '0911', 34, 183),
(912, 'ONGATA RONGAI', '0912', 34, 183),
(913, 'NKAIMURUNYA', '0913', 34, 183),
(914, 'OLOOLUA', '0914', 34, 183),
(915, 'NGONG', '0915', 34, 183),
(916, 'PURKO', '0916', 34, 184),
(917, 'ILDAMAT', '0917', 34, 184),
(918, 'DALALEKUTUK', '0918', 34, 184),
(919, 'MATAPATO NORTH', '0919', 34, 184),
(920, 'MATAPATO SOUTH', '0920', 34, 184),
(921, 'KAPUTIEI NORTH', '0921', 34, 185),
(922, 'KITENGELA', '0922', 34, 185),
(923, 'OLOOSIRKON/SHOLINKE', '0923', 34, 185),
(924, 'KENYAWA-POKA', '0924', 34, 185),
(925, 'IMARORO', '0925', 34, 185),
(926, 'KEEKONYOKIE', '0926', 34, 186),
(927, 'ILOODOKILANI', '0927', 34, 186),
(928, 'MAGADI', '0928', 34, 186),
(929, 'EWUASO OONKIDONG\'I', '0929', 34, 186),
(930, 'MOSIROI', '0930', 34, 186),
(931, 'ENTONET/LENKISIM', '0931', 34, 187),
(932, 'MBIRIKANI/ESELENKEI', '0932', 34, 187),
(933, 'KUKU', '0933', 34, 187),
(934, 'ROMBO', '0934', 34, 187),
(935, 'KIMANA', '0935', 34, 187),
(936, 'LONDIANI', '0936', 35, 188),
(937, 'KEDOWA/KIMUGUL', '0937', 35, 188),
(938, 'CHEPSEON', '0938', 35, 188),
(939, 'TENDENO/SORGET', '0939', 35, 188),
(940, 'KUNYAK', '0940', 35, 189),
(941, 'KAMASIAN', '0941', 35, 189),
(942, 'KIPKELION', '0942', 35, 189),
(943, 'CHILCHILA', '0943', 35, 189),
(944, 'KAPSOIT', '0944', 35, 190),
(945, 'AINAMOI', '0945', 35, 190),
(946, 'KAPKUGERWET', '0946', 35, 190),
(947, 'KIPCHEBOR', '0947', 35, 190),
(948, 'KIPCHIMCHIM', '0948', 35, 190),
(949, 'KAPSAOS', '0949', 35, 190),
(950, 'KISIARA', '0950', 35, 191),
(951, 'TEBESONIK', '0951', 35, 191),
(952, 'CHEBOIN', '0952', 35, 191),
(953, 'CHEMOSOT', '0953', 35, 191),
(954, 'LITEIN', '0954', 35, 191),
(955, 'CHEPLANGET', '0955', 35, 191),
(956, 'KAPKATET', '0956', 35, 191),
(957, 'WALDAI', '0957', 35, 192),
(958, 'KABIANGA', '0958', 35, 192),
(959, 'CHEPTORORIET/SERETUT', '0959', 35, 192),
(960, 'CHAIK', '0960', 35, 192),
(961, 'KAPSUSER', '0961', 35, 192),
(962, 'SIGOWET', '0962', 35, 193),
(963, 'KAPLELARTET', '0963', 35, 193),
(964, 'SOLIAT', '0964', 35, 193),
(965, 'SOIN', '0965', 35, 193),
(966, 'NDANA/ABOSI', '0966', 36, 194),
(967, 'CHEMAGEL', '0967', 36, 194),
(968, 'KIPSONOI', '0968', 36, 194),
(969, 'KAPLETUNDO', '0969', 36, 194),
(970, 'RONGENA/MANARET', '0970', 36, 194),
(971, 'KONG\'ASIS', '0971', 36, 195),
(972, 'NYANGORES', '0972', 36, 195),
(973, 'SIGOR', '0973', 36, 195),
(974, 'CHEBUNYO', '0974', 36, 195),
(975, 'SIONGIROI', '0975', 36, 195),
(976, 'MERIGI', '0976', 36, 196),
(977, 'KEMBU', '0977', 36, 196),
(978, 'LONGISA', '0978', 36, 196),
(979, 'KIPRERES', '0979', 36, 196),
(980, 'CHEMANER', '0980', 36, 196),
(981, 'SILIBWET TOWNSHIP', '0981', 36, 197),
(982, 'NDARAWETA', '0982', 36, 197),
(983, 'SINGORWET', '0983', 36, 197),
(984, 'CHESOEN', '0984', 36, 197),
(985, 'MUTARAKWA', '0985', 36, 197),
(986, 'CHEPCHABAS', '0986', 36, 198),
(987, 'KIMULOT', '0987', 36, 198),
(988, 'MOGOGOSIEK', '0988', 36, 198),
(989, 'BOITO', '0989', 36, 198),
(990, 'EMBOMOS', '0990', 36, 198),
(991, 'MAUTUMA', '0991', 37, 199),
(992, 'LUGARI', '0992', 37, 199),
(993, 'LUMAKANDA', '0993', 37, 199),
(994, 'CHEKALINI', '0994', 37, 199),
(995, 'CHEVAYWA', '0995', 37, 199),
(996, 'LWANDETI', '0996', 37, 199),
(997, 'LIKUYANI', '0997', 37, 200),
(998, 'SANGO', '0998', 37, 200),
(999, 'KONGONI', '0999', 37, 200),
(1000, 'NZOIA', '1000', 37, 200),
(1001, 'SINOKO', '1001', 37, 200),
(1002, 'WEST KABRAS', '1002', 37, 201),
(1003, 'CHEMUCHE', '1003', 37, 201),
(1004, 'EAST KABRAS', '1004', 37, 201),
(1005, 'BUTALI/CHEGULO', '1005', 37, 201),
(1006, 'MANDA-SHIVANGA', '1006', 37, 201),
(1007, 'SHIRUGU-MUGAI', '1007', 37, 201),
(1008, 'SOUTH KABRAS', '1008', 37, 201),
(1009, 'BUTSOTSO EAST', '1009', 37, 202),
(1010, 'BUTSOTSO SOUTH', '1010', 37, 202),
(1011, 'BUTSOTSO CENTRAL', '1011', 37, 202),
(1012, 'SHEYWE', '1012', 37, 202),
(1013, 'MAHIAKALO', '1013', 37, 202),
(1014, 'SHIRERE', '1014', 37, 202),
(1015, 'INGOSTSE-MATHIA', '1015', 37, 203),
(1016, 'SHINOYI-SHIKOMARI-ESUMEYIA', '1016', 37, 203),
(1017, 'BUNYALA WEST', '1017', 37, 203),
(1018, 'BUNYALA EAST', '1018', 37, 203),
(1019, 'BUNYALA CENTRAL', '1019', 37, 203),
(1020, 'MUMIAS CENTRAL', '1020', 37, 204),
(1021, 'MUMIAS NORTH', '1021', 37, 204),
(1022, 'ETENJE', '1022', 37, 204),
(1023, 'MUSANDA', '1023', 37, 204),
(1024, 'LUSHEYA/LUBINU', '1024', 37, 205),
(1025, 'MALAHA/ISONGO/MAKUNGA', '1025', 37, 205),
(1026, 'EAST WANGA', '1026', 37, 205),
(1027, 'KOYONZO', '1027', 37, 206),
(1028, 'KHOLERA', '1028', 37, 206),
(1029, 'KHALABA', '1029', 37, 206),
(1030, 'MAYONI', '1030', 37, 206),
(1031, 'NAMAMALI', '1031', 37, 206),
(1032, 'MARAMA WEST', '1032', 37, 207),
(1033, 'MARAMA CENTRAL', '1033', 37, 207),
(1034, 'MARENYO-SHIANDA', '1034', 37, 207),
(1035, 'MARAMA NORTH', '1035', 37, 207),
(1036, 'MARAMA SOUTH', '1036', 37, 207),
(1037, 'KISA NORTH', '1037', 37, 208),
(1038, 'KISA EAST', '1038', 37, 208),
(1039, 'KISA WEST', '1039', 37, 208),
(1040, 'KISA CENTRAL', '1040', 37, 208),
(1041, 'ISUKHA NORTH', '1041', 37, 209),
(1042, 'MURHANDA', '1042', 37, 209),
(1043, 'ISUKHA CENTRAL', '1043', 37, 209),
(1044, 'ISUKHA SOUTH', '1044', 37, 209),
(1045, 'ISUKHA EAST', '1045', 37, 209),
(1046, 'ISUKHA WEST', '1046', 37, 209),
(1047, 'IDAKHO SOUTH', '1047', 37, 210),
(1048, 'IDAKHO EAST', '1048', 37, 210),
(1049, 'IDAKHO NORTH', '1049', 37, 210),
(1050, 'IDAKHO CENTRAL', '1050', 37, 210),
(1051, 'LUGAGA-WAMULUMA', '1051', 38, 211),
(1052, 'SOUTH MARAGOLI', '1052', 38, 211),
(1053, 'CENTRAL MARAGOLI', '1053', 38, 211),
(1054, 'MUNGOMA', '1054', 38, 211),
(1055, 'LYADUYWA/IZAVA', '1055', 38, 212),
(1056, 'WEST SABATIA', '1056', 38, 212),
(1057, 'CHAVAKALI', '1057', 38, 212),
(1058, 'NORTH MARAGOLI', '1058', 38, 212),
(1059, 'WODANGA', '1059', 38, 212),
(1060, 'BUSALI', '1060', 38, 212),
(1061, 'SHIRU', '1061', 38, 213),
(1062, 'GISAMBAI', '1062', 38, 213),
(1063, 'SHAMAKHOKHO', '1063', 38, 213),
(1064, 'BANJA', '1064', 38, 213),
(1065, 'MUHUDU', '1065', 38, 213),
(1066, 'TAMBUA', '1066', 38, 213),
(1067, 'JEPKOYAI', '1067', 38, 213),
(1068, 'LUANDA TOWNSHIP', '1068', 38, 214),
(1069, 'WEMILABI', '1069', 38, 214),
(1070, 'MWIBONA', '1070', 38, 214),
(1071, 'LUANDA SOUTH', '1071', 38, 214),
(1072, 'EMABUNGO', '1072', 38, 214),
(1073, 'NORTH EAST BUNYORE', '1073', 38, 215),
(1074, 'CENTRAL BUNYORE', '1074', 38, 215),
(1075, 'WEST BUNYORE', '1075', 38, 215),
(1076, 'CHEPTAIS', '1076', 39, 216),
(1077, 'CHESIKAKI', '1077', 39, 216),
(1078, 'CHEPYUK', '1078', 39, 216),
(1079, 'KAPKATENY', '1079', 39, 216),
(1080, 'KAPTAMA', '1080', 39, 216),
(1081, 'ELGON', '1081', 39, 216),
(1082, 'NAMWELA', '1082', 39, 217),
(1083, 'MALAKISI/SOUTH KULISIRU', '1083', 39, 217),
(1084, 'LWANDANYI', '1084', 39, 217),
(1085, 'KABUCHA/CHWELE', '1085', 39, 218),
(1086, 'WEST NALONDO', '1086', 39, 218),
(1087, 'BWAKE/LUUYA', '1087', 39, 218),
(1088, 'MUKUYUNI', '1088', 39, 218),
(1089, 'SOUTH BUKUSU', '1089', 39, 219),
(1090, 'BUMULA', '1090', 39, 219),
(1091, 'KHASOKO', '1091', 39, 219),
(1092, 'KABULA', '1092', 39, 219),
(1093, 'KIMAETI', '1093', 39, 219),
(1094, 'WEST BUKUSU', '1094', 39, 219),
(1095, 'SIBOTI', '1095', 39, 219),
(1096, 'BUKEMBE WEST', '1096', 39, 220),
(1097, 'BUKEMBE EAST', '1097', 39, 220),
(1098, 'TOWNSHIP', '1098', 39, 220),
(1099, 'KHALABA', '1099', 39, 220),
(1100, 'MUSIKOMA', '1100', 39, 220),
(1101, 'EAST SANG\'ALO', '1101', 39, 220),
(1102, 'MARAKARU/TUUTI', '1102', 39, 220),
(1103, 'WEST SANG\'ALO', '1103', 39, 220),
(1104, 'MIHUU', '1104', 39, 221),
(1105, 'NDIVISI', '1105', 39, 221),
(1106, 'MARAKA', '1106', 39, 221),
(1107, 'MISIKHU', '1107', 39, 222),
(1108, 'SITIKHO', '1108', 39, 222),
(1109, 'MATULO', '1109', 39, 222),
(1110, 'BOKOLI', '1110', 39, 222),
(1111, 'KIBINGEI', '1111', 39, 223),
(1112, 'KIMILILI', '1112', 39, 223),
(1113, 'MAENI', '1113', 39, 223),
(1114, 'KAMUKUYWA', '1114', 39, 223),
(1115, 'MBAKALO', '1115', 39, 224),
(1116, 'NAITIRI/KABUYEFWE', '1116', 39, 224),
(1117, 'MILIMA', '1117', 39, 224),
(1118, 'NDALU/TABANI', '1118', 39, 224),
(1119, 'TONGAREN', '1119', 39, 224),
(1120, 'SOYSAMBU/MITUA', '1120', 39, 224),
(1121, 'MALABA CENTRAL', '1121', 40, 225),
(1122, 'MALABA NORTH', '1122', 40, 225),
(1123, 'ANG\'URAI SOUTH', '1123', 40, 225),
(1124, 'ANG\'URAI NORTH', '1124', 40, 225),
(1125, 'ANG\'URAI EAST', '1125', 40, 225),
(1126, 'MALABA SOUTH', '1126', 40, 225),
(1127, 'ANG\'OROM', '1127', 40, 226),
(1128, 'CHAKOL SOUTH', '1128', 40, 226),
(1129, 'CHAKOL NORTH', '1129', 40, 226),
(1130, 'AMUKURA WEST', '1130', 40, 226),
(1131, 'AMUKURA EAST', '1131', 40, 226),
(1132, 'AMUKURA CENTRAL', '1132', 40, 226),
(1133, 'NAMBALE TOWNSHIP', '1133', 40, 227),
(1134, 'BUKHAYO NORTH/WALTSI', '1134', 40, 227),
(1135, 'BUKHAYO EAST', '1135', 40, 227),
(1136, 'BUKHAYO CENTRAL', '1136', 40, 227),
(1137, 'BUKHAYO WEST', '1137', 40, 228),
(1138, 'MAYENJE', '1138', 40, 228),
(1139, 'MATAYOS SOUTH', '1139', 40, 228),
(1140, 'BUSIBWABO', '1140', 40, 228),
(1141, 'BURUMBA', '1141', 40, 228),
(1142, 'MARACHI WEST', '1142', 40, 229),
(1143, 'KINGANDOLE', '1143', 40, 229),
(1144, 'MARACHI CENTRAL', '1144', 40, 229),
(1145, 'MARACHI EAST', '1145', 40, 229),
(1146, 'MARACHI NORTH', '1146', 40, 229),
(1147, 'ELUGULU', '1147', 40, 229),
(1148, 'NAMBOBOTO NAMBUKU', '1148', 40, 230),
(1149, 'NANGINA', '1149', 40, 230),
(1150, 'AGENG\'A NANGUBA', '1150', 40, 230),
(1151, 'BWIRI', '1151', 40, 230),
(1152, 'BUNYALA CENTRAL', '1152', 40, 231),
(1153, 'BUNYALA NORTH', '1153', 40, 231),
(1154, 'BUNYALA WEST', '1154', 40, 231),
(1155, 'BUNYALA SOUTH', '1155', 40, 231),
(1156, 'WEST UGENYA', '1156', 41, 232),
(1157, 'UKWALA', '1157', 41, 232),
(1158, 'NORTH UGENYA', '1158', 41, 232),
(1159, 'EAST UGENYA', '1159', 41, 232),
(1160, 'SIDINDI', '1160', 41, 233),
(1161, 'SIGOMERE', '1161', 41, 233),
(1162, 'UGUNJA', '1162', 41, 233),
(1163, 'USONGA', '1163', 41, 234),
(1164, 'WEST ALEGO', '1164', 41, 234),
(1165, 'CENTRAL ALEGO', '1165', 41, 234),
(1166, 'SIAYA TOWNSHIP', '1166', 41, 234),
(1167, 'NORTH ALEGO', '1167', 41, 234),
(1168, 'SOUTH EAST ALEGO', '1168', 41, 234),
(1169, 'NORTH GEM', '1169', 41, 235),
(1170, 'WEST GEM', '1170', 41, 235),
(1171, 'CENTRAL GEM', '1171', 41, 235),
(1172, 'YALA TOWNSHIP', '1172', 41, 235),
(1173, 'EAST GEM', '1173', 41, 235),
(1174, 'SOUTH GEM', '1174', 41, 235),
(1175, 'WEST YIMBO', '1175', 41, 236),
(1176, 'CENTRAL SAKWA', '1176', 41, 236),
(1177, 'SOUTH SAKWA', '1177', 41, 236),
(1178, 'YIMBO EAST', '1178', 41, 236),
(1179, 'WEST SAKWA', '1179', 41, 236),
(1180, 'NORTH SAKWA', '1180', 41, 236),
(1181, 'EAST ASEMBO', '1181', 41, 237),
(1182, 'WEST ASEMBO', '1182', 41, 237),
(1183, 'NORTH UYOMA', '1183', 41, 237),
(1184, 'SOUTH UYOMA', '1184', 41, 237),
(1185, 'WEST UYOMA', '1185', 41, 237),
(1186, 'KAJULU', '1186', 42, 238),
(1187, 'KOLWA EAST', '1187', 42, 238),
(1188, 'MANYATTA \'B\'', '1188', 42, 238),
(1189, 'NYALENDA \'A\'', '1189', 42, 238),
(1190, 'KOLWA CENTRAL', '1190', 42, 238),
(1191, 'SOUTH WEST KISUMU', '1191', 42, 239),
(1192, 'CENTRAL KISUMU', '1192', 42, 239),
(1193, 'KISUMU NORTH', '1193', 42, 239),
(1194, 'WEST KISUMU', '1194', 42, 239),
(1195, 'NORTH WEST KISUMU', '1195', 42, 239),
(1196, 'RAILWAYS', '1196', 42, 240),
(1197, 'MIGOSI', '1197', 42, 240),
(1198, 'SHAURIMOYO KALOLENI', '1198', 42, 240),
(1199, 'MARKET MILIMANI', '1199', 42, 240),
(1200, 'KONDELE', '1200', 42, 240),
(1201, 'NYALENDA B', '1201', 42, 240),
(1202, 'WEST SEME', '1202', 42, 241),
(1203, 'CENTRAL SEME', '1203', 42, 241),
(1204, 'EAST SEME', '1204', 42, 241),
(1205, 'NORTH SEME', '1205', 42, 241),
(1206, 'EAST KANO/WAWIDHI', '1206', 42, 242),
(1207, 'AWASI/ONJIKO', '1207', 42, 242),
(1208, 'AHERO', '1208', 42, 242),
(1209, 'KABONYO/KANYAGWAL', '1209', 42, 242),
(1210, 'KOBURA', '1210', 42, 242),
(1211, 'MIWANI', '1211', 42, 243),
(1212, 'OMBEYI', '1212', 42, 243),
(1213, 'MASOGO/NYANG\'OMA', '1213', 42, 243),
(1214, 'CHEMELIL', '1214', 42, 243),
(1215, 'MUHORONI/KORU', '1215', 42, 243),
(1216, 'SOUTH WEST NYAKACH', '1216', 42, 244),
(1217, 'NORTH NYAKACH', '1217', 42, 244),
(1218, 'CENTRAL NYAKACH', '1218', 42, 244),
(1219, 'WEST NYAKACH', '1219', 42, 244),
(1220, 'SOUTH EAST NYAKACH', '1220', 42, 244),
(1221, 'WEST KASIPUL', '1221', 43, 245),
(1222, 'SOUTH KASIPUL', '1222', 43, 245),
(1223, 'CENTRAL KASIPUL', '1223', 43, 245),
(1224, 'EAST KAMAGAK', '1224', 43, 245),
(1225, 'WEST KAMAGAK', '1225', 43, 245),
(1226, 'KABONDO EAST', '1226', 43, 246),
(1227, 'KABONDO WEST', '1227', 43, 246),
(1228, 'KOKWANYO/KAKELO', '1228', 43, 246),
(1229, 'KOJWACH', '1229', 43, 246),
(1230, 'WEST KARACHUONYO', '1230', 43, 247),
(1231, 'NORTH KARACHUONYO', '1231', 43, 247),
(1232, 'CENTRAL', '1232', 43, 247),
(1233, 'KANYALUO', '1233', 43, 247),
(1234, 'KIBIRI', '1234', 43, 247),
(1235, 'WANGCHIENG', '1235', 43, 247),
(1236, 'KENDU BAY TOWN', '1236', 43, 247),
(1237, 'WEST GEM', '1237', 43, 248),
(1238, 'EAST GEM', '1238', 43, 248),
(1239, 'KAGAN', '1239', 43, 248),
(1240, 'KOCHIA', '1240', 43, 248),
(1241, 'HOMA BAY CENTRAL', '1241', 43, 249),
(1242, 'HOMA BAY ARUJO', '1242', 43, 249),
(1243, 'HOMA BAY WEST', '1243', 43, 249),
(1244, 'HOMA BAY EAST', '1244', 43, 249),
(1245, 'KWABWAI', '1245', 43, 250),
(1246, 'KANYADOTO', '1246', 43, 250),
(1247, 'KANYIKELA', '1247', 43, 250),
(1248, 'KABUOCH NORTH', '1248', 43, 250),
(1249, 'KABUOCH SOUTH/PALA', '1249', 43, 250),
(1250, 'KANYAMWA KOLOGI', '1250', 43, 250),
(1251, 'KANYAMWA KOSEWE', '1251', 43, 250),
(1252, 'MFANGANO ISLAND', '1252', 43, 251),
(1253, 'RUSINGA ISLAND', '1253', 43, 251),
(1254, 'KASGUNGA', '1254', 43, 251),
(1255, 'GEMBE', '1255', 43, 251),
(1256, 'LAMBWE', '1256', 43, 251),
(1257, 'GWASSI SOUTH', '1257', 43, 252),
(1258, 'GWASSI NORTH', '1258', 43, 252),
(1259, 'KAKSINGRI WEST', '1259', 43, 252),
(1260, 'RUMA-KAKSINGRI', '1260', 43, 252),
(1261, 'NORTH KAMAGAMBO', '1261', 44, 253),
(1262, 'CENTRAL KAMAGAMBO', '1262', 44, 253),
(1263, 'EAST KAMAGAMBO', '1263', 44, 253),
(1264, 'SOUTH KAMAGAMBO', '1264', 44, 253),
(1265, 'NORTH SAKWA', '1265', 44, 254),
(1266, 'SOUTH SAKWA', '1266', 44, 254),
(1267, 'WEST SAKWA', '1267', 44, 254),
(1268, 'CENTRAL SAKWA', '1268', 44, 254),
(1269, 'GOD HOPE', '1269', 44, 255),
(1270, 'SUNA CENTRAL', '1270', 44, 255),
(1271, 'KAKRAO', '1271', 44, 255),
(1272, 'KWA', '1272', 44, 255),
(1273, 'WIGA', '1273', 44, 256),
(1274, 'WASETA II', '1274', 44, 256),
(1275, 'RAGANA-ORUBA', '1275', 44, 256),
(1276, 'WASIMBETE', '1276', 44, 256),
(1277, 'WEST KANYAMKAGO', '1277', 44, 257),
(1278, 'NORTH KANYAMKAGO', '1278', 44, 257),
(1279, 'CENTRAL KANYAMKAGO', '1279', 44, 257),
(1280, 'SOUTH KANYAMKAGO', '1280', 44, 257),
(1281, 'EAST KANYAMKAGO', '1281', 44, 257),
(1282, 'KACHIEN\'G', '1282', 44, 258),
(1283, 'KANYASA', '1283', 44, 258),
(1284, 'NORTH KADEM', '1284', 44, 258),
(1285, 'MACALDER/KANYARWANDA', '1285', 44, 258),
(1286, 'KALER', '1286', 44, 258),
(1287, 'GOT KACHOLA', '1287', 44, 258),
(1288, 'MUHURU', '1288', 44, 258),
(1289, 'BUKIRA EAST', '1289', 44, 259),
(1290, 'BUKIRA CENTRAL/IKEREGE', '1290', 44, 259),
(1291, 'ISIBANIA', '1291', 44, 259),
(1292, 'MAKERERO', '1292', 44, 259),
(1293, 'MASABA', '1293', 44, 259),
(1294, 'TAGARE', '1294', 44, 259),
(1295, 'NYAMOSENSE/KOMOSOKO', '1295', 44, 259),
(1296, 'GOKEHARAKA/GETAMBWEGA', '1296', 44, 260),
(1297, 'NTIMARU WEST', '1297', 44, 260),
(1298, 'NTIMARU EAST', '1298', 44, 260),
(1299, 'NYABASI EAST', '1299', 44, 260),
(1300, 'NYABASI WEST', '1300', 44, 260),
(1301, 'BOMARIBA', '1301', 45, 261),
(1302, 'BOGIAKUMU', '1302', 45, 261),
(1303, 'BOMORENDA', '1303', 45, 261),
(1304, 'RIANA', '1304', 45, 261),
(1305, 'TABAKA', '1305', 45, 262),
(1306, 'BOIKANG\'A', '1306', 45, 262),
(1307, 'BOGETENGA', '1307', 45, 262),
(1308, 'BORABU/CHITAGO', '1308', 45, 262),
(1309, 'MOTICHO', '1309', 45, 262),
(1310, 'GETENGA', '1310', 45, 262),
(1311, 'BOMBABA BORABU', '1311', 45, 263),
(1312, 'BOOCHI BORABU', '1312', 45, 263),
(1313, 'BOKIMONGE', '1313', 45, 263),
(1314, 'MAGENCHE', '1314', 45, 263),
(1315, 'MASIGE WEST', '1315', 45, 264),
(1316, 'MASIGE EAST', '1316', 45, 264),
(1317, 'BASI CENTRAL', '1317', 45, 264),
(1318, 'NYACHEKI', '1318', 45, 264),
(1319, 'BASI BOGETAORIO', '1319', 45, 264),
(1320, 'BOBASI CHACHE', '1320', 45, 264),
(1321, 'SAMETA/MOKWERERO', '1321', 45, 264),
(1322, 'BOBASI BOITANGARE', '1322', 45, 264),
(1323, 'MAJOGE BASI', '1323', 45, 265),
(1324, 'BOOCHI/TENDERE', '1324', 45, 265),
(1325, 'BOSOTI/SENGERA', '1325', 45, 265),
(1326, 'ICHUNI', '1326', 45, 266),
(1327, 'NYAMASIBI', '1327', 45, 266),
(1328, 'MASIMBA', '1328', 45, 266),
(1329, 'GESUSU', '1329', 45, 266),
(1330, 'KIAMOKAMA', '1330', 45, 266),
(1331, 'BOBARACHO', '1331', 45, 267),
(1332, 'KISII CENTRAL', '1332', 45, 267),
(1333, 'KEUMBU', '1333', 45, 267),
(1334, 'KIOGORO', '1334', 45, 267),
(1335, 'BIRONGO', '1335', 45, 267),
(1336, 'IBENO', '1336', 45, 267),
(1337, 'MONYERERO', '1337', 45, 268),
(1338, 'SENSI', '1338', 45, 268),
(1339, 'MARANI', '1339', 45, 268),
(1340, 'KEGOGI', '1340', 45, 268),
(1341, 'BOGUSERO', '1341', 45, 269),
(1342, 'BOGEKA', '1342', 45, 269),
(1343, 'NYAKOE', '1343', 45, 269),
(1344, 'KITUTU CENTRAL', '1344', 45, 269),
(1345, 'NYATIEKO', '1345', 45, 269),
(1346, 'RIGOMA', '1346', 46, 270),
(1347, 'GACHUBA', '1347', 46, 270),
(1348, 'KEMERA', '1348', 46, 270),
(1349, 'MAGOMBO', '1349', 46, 270),
(1350, 'MANGA', '1350', 46, 270),
(1351, 'GESIMA', '1351', 46, 270),
(1352, 'NYAMAIYA', '1352', 46, 271),
(1353, 'BOGICHORA', '1353', 46, 271),
(1354, 'BOSAMARO', '1354', 46, 271),
(1355, 'BONYAMATUTA', '1355', 46, 271),
(1356, 'TOWNSHIP', '1356', 46, 271),
(1357, 'ITIBO', '1357', 46, 272),
(1358, 'BOMWAGAMO', '1358', 46, 272),
(1359, 'BOKEIRA', '1359', 46, 272),
(1360, 'MAGWAGWA', '1360', 46, 272),
(1361, 'EKERENYO', '1361', 46, 272),
(1362, 'MEKENENE', '1362', 46, 273),
(1363, 'KIABONYORU', '1363', 46, 273),
(1364, 'NYANSIONGO', '1364', 46, 273),
(1365, 'ESISE', '1365', 46, 273),
(1366, 'KITISURU', '1366', 47, 274),
(1367, 'PARKLANDS/HIGHRIDGE', '1367', 47, 274),
(1368, 'KARURA', '1368', 47, 274),
(1369, 'KANGEMI', '1369', 47, 274),
(1370, 'MOUNTAIN VIEW', '1370', 47, 274),
(1371, 'KILIMANI', '1371', 47, 275),
(1372, 'KAWANGWARE', '1372', 47, 275),
(1373, 'GATINA', '1373', 47, 275),
(1374, 'KILELESHWA', '1374', 47, 275),
(1375, 'KABIRO', '1375', 47, 275),
(1376, 'MUTU-INI', '1376', 47, 276),
(1377, 'NGANDO', '1377', 47, 276),
(1378, 'RIRUTA', '1378', 47, 276),
(1379, 'UTHIRU/RUTHIMITU', '1379', 47, 276),
(1380, 'WAITHAKA', '1380', 47, 276),
(1381, 'KAREN', '1381', 47, 277),
(1382, 'NAIROBI WEST', '1382', 47, 277),
(1383, 'MUGUMU-INI', '1383', 47, 277),
(1384, 'SOUTH C', '1384', 47, 277),
(1385, 'NYAYO HIGHRISE', '1385', 47, 277),
(1386, 'LAINI SABA', '1386', 47, 278),
(1387, 'LINDI', '1387', 47, 278),
(1388, 'MAKINA', '1388', 47, 278),
(1389, 'WOODLEY/KENYATTA GOLF COURSE', '1389', 47, 278),
(1390, 'SARANGOMBE', '1390', 47, 278),
(1391, 'GITHURAI', '1391', 47, 279),
(1392, 'KAHAWA WEST', '1392', 47, 279),
(1393, 'ZIMMERMAN', '1393', 47, 279),
(1394, 'ROYSAMBU', '1394', 47, 279),
(1395, 'KAHAWA', '1395', 47, 279),
(1396, 'CLAY CITY', '1396', 47, 280),
(1397, 'MWIKI', '1397', 47, 280),
(1398, 'KASARANI', '1398', 47, 280),
(1399, 'NJIRU', '1399', 47, 280),
(1400, 'RUAI', '1400', 47, 280),
(1401, 'BABA DOGO', '1401', 47, 281),
(1402, 'UTALII', '1402', 47, 281),
(1403, 'MATHARE NORTH', '1403', 47, 281),
(1404, 'LUCKY SUMMER', '1404', 47, 281),
(1405, 'KOROGOCHO', '1405', 47, 281),
(1406, 'IMARA DAIMA', '1406', 47, 282),
(1407, 'KWA NJENGA', '1407', 47, 282),
(1408, 'KWA RUEBEN', '1408', 47, 282),
(1409, 'PIPELINE', '1409', 47, 282),
(1410, 'KWARE', '1410', 47, 282),
(1411, 'KARIOBANGI NORTH', '1411', 47, 283),
(1412, 'DANDORA AREA I', '1412', 47, 283),
(1413, 'DANDORA AREA II', '1413', 47, 283),
(1414, 'DANDORA AREA III', '1414', 47, 283),
(1415, 'DANDORA AREA IV', '1415', 47, 283),
(1416, 'KAYOLE NORTH', '1416', 47, 284),
(1417, 'KAYOLE CENTRAL', '1417', 47, 284),
(1418, 'KAYOLE SOUTH', '1418', 47, 284),
(1419, 'KOMAROCK', '1419', 47, 284),
(1420, 'MATOPENI/SPRING VALLEY', '1420', 47, 284),
(1421, 'UPPER SAVANNAH', '1421', 47, 285),
(1422, 'LOWER SAVANNAH', '1422', 47, 285),
(1423, 'EMBAKASI', '1423', 47, 285),
(1424, 'UTAWALA', '1424', 47, 285),
(1425, 'MIHANGO', '1425', 47, 285),
(1426, 'UMOJA I', '1426', 47, 286),
(1427, 'UMOJA II', '1427', 47, 286),
(1428, 'MOWLEM', '1428', 47, 286),
(1429, 'KARIOBANGI SOUTH', '1429', 47, 286),
(1430, 'MARINGO/HAMZA', '1430', 47, 287),
(1431, 'VIWANDANI', '1431', 47, 287),
(1432, 'HARAMBEE', '1432', 47, 287),
(1433, 'MAKONGENI', '1433', 47, 287);
INSERT INTO `wards` (`ward_id`, `ward_name`, `ward_code`, `ward_county_id`, `ward_constituency_id`) VALUES
(1434, 'PUMWANI', '1434', 47, 288),
(1435, 'ESTLEIGH NORTH', '1435', 47, 288),
(1436, 'ESTLEIGH SOUTH', '1436', 47, 288),
(1437, 'AIRBASE', '1437', 47, 288),
(1438, 'CALIFORNIA', '1438', 47, 288),
(1439, 'NAIROBI CENTRAL', '1439', 47, 289),
(1440, 'NGARA', '1440', 47, 289),
(1441, 'PANGANI', '1441', 47, 289),
(1442, 'ZIWANI/KARIOKOR', '1442', 47, 289),
(1443, 'LANDIMAWE', '1443', 47, 289),
(1444, 'NAIROBI SOUTH', '1444', 47, 289),
(1445, 'HOSPITAL', '1445', 47, 290),
(1446, 'MABATINI', '1446', 47, 290),
(1447, 'HURUMA', '1447', 47, 290),
(1448, 'NGEI', '1448', 47, 290),
(1449, 'MLANGO KUBWA', '1449', 47, 290),
(1450, 'KIAMAIKO', '1450', 47, 290),
(1451, 'PRISONS', '1451', 49, 292),
(1453, 'TANZANIA', '5000', 48, 291),
(1454, 'UGANDA', '5001', 48, 291),
(1455, 'RWANDA', '5002', 48, 291),
(1456, 'BURUNDI', '5003', 48, 291),
(1457, 'SOUTH AFRICA', '5004', 48, 291);

--
-- Indexes for dumped tables
--

--
-- Indexes for table `constituencies`
--
ALTER TABLE `constituencies`
  ADD PRIMARY KEY (`constituency_id`),
  ADD UNIQUE KEY `constituency_code` (`constituency_code`),
  ADD KEY `FKtafpd45ktnynmysyv0wdo8gfw` (`constituency_county_id`);

--
-- Indexes for table `counties`
--
ALTER TABLE `counties`
  ADD PRIMARY KEY (`county_id`),
  ADD UNIQUE KEY `county_code` (`county_code`);

--
-- Indexes for table `users`
--
ALTER TABLE `users`
  ADD PRIMARY KEY (`user_id`);

--
-- Indexes for table `wards`
--
ALTER TABLE `wards`
  ADD PRIMARY KEY (`ward_id`),
  ADD UNIQUE KEY `ward_code` (`ward_code`),
  ADD KEY `FK6pjrhcypg22a3omsedj1fhx90` (`ward_constituency_id`);

--
-- AUTO_INCREMENT for dumped tables
--

--
-- AUTO_INCREMENT for table `constituencies`
--
ALTER TABLE `constituencies`
  MODIFY `constituency_id` int(11) NOT NULL AUTO_INCREMENT, AUTO_INCREMENT=295;

--
-- AUTO_INCREMENT for table `counties`
--
ALTER TABLE `counties`
  MODIFY `county_id` int(11) NOT NULL AUTO_INCREMENT, AUTO_INCREMENT=52;

--
-- AUTO_INCREMENT for table `users`
--
ALTER TABLE `users`
  MODIFY `user_id` bigint(20) NOT NULL AUTO_INCREMENT, AUTO_INCREMENT=3;

--
-- AUTO_INCREMENT for table `wards`
--
ALTER TABLE `wards`
  MODIFY `ward_id` int(11) NOT NULL AUTO_INCREMENT, AUTO_INCREMENT=1458;

--
-- Constraints for dumped tables
--

--
-- Constraints for table `constituencies`
--
ALTER TABLE `constituencies`
  ADD CONSTRAINT `FKtafpd45ktnynmysyv0wdo8gfw` FOREIGN KEY (`constituency_county_id`) REFERENCES `counties` (`county_id`);

--
-- Constraints for table `wards`
--
ALTER TABLE `wards`
  ADD CONSTRAINT `FK6pjrhcypg22a3omsedj1fhx90` FOREIGN KEY (`ward_constituency_id`) REFERENCES `constituencies` (`constituency_id`);
COMMIT;

/*!40101 SET CHARACTER_SET_CLIENT=@OLD_CHARACTER_SET_CLIENT */;
/*!40101 SET CHARACTER_SET_RESULTS=@OLD_CHARACTER_SET_RESULTS */;
/*!40101 SET COLLATION_CONNECTION=@OLD_COLLATION_CONNECTION */;
